trunkId, day1, day2, day3, day4, day5,
1604,96,0,0,0,0,
6594,28,0,0,0,0,
4008,3,0,0,0,0,
1489,6,0,0,0,0,
361,14,27,6,4,4,
7685,77,25,0,62,59,
1995,6,0,0,0,0,
992,7,10,8,11,6,
1214,3,0,8,7,13,
6766,75,0,6,65,71,
6776,57,0,18,0,0,
5572,3,0,0,0,0,
7669,20,0,0,0,5,
7093,5,0,0,0,0,
3481,6,0,0,0,0,
6851,5,0,37,4,17,
8118,59,56,63,52,0,
7392,11,0,0,0,0,
1363,6,0,0,0,0,
772,3,0,38,0,0,
3042,3,0,0,0,0,
6768,3,0,0,0,0,
4556,20,15,9,29,22,
5183,9,0,0,0,0,
8733,5,0,0,0,0,
6382,5,69,79,0,0,
6767,7,0,0,5,27,
8074,3,0,0,0,0,
7300,4,0,0,3,0,
8219,9,7,12,80,2,
4527,10,6,0,0,0,
8506,4,0,0,0,0,
8072,4,0,0,0,0,
7588,4,0,0,0,0,
3658,5,0,57,0,2,
3028,23,0,0,50,0,
7116,3,0,8,0,0,
2016,14,0,9,17,13,
6379,67,4,68,63,60,
6410,10,0,7,4,13,
7734,78,71,69,70,70,
8041,63,0,0,58,0,
7122,5,0,0,0,0,
4571,12,13,15,7,14,
3293,6,0,0,0,0,
4531,34,41,21,0,0,
5791,10,0,0,0,0,
1547,7,0,0,0,0,
1842,6,0,0,0,0,
3731,7,0,0,0,0,
4560,6,0,0,0,38,
8652,96,0,96,96,96,
2321,8,0,0,0,0,
3659,7,0,0,0,0,
8734,6,0,0,0,0,
71,79,69,71,18,61,
5210,7,0,0,0,0,
3807,3,0,0,0,0,
1405,17,0,0,0,0,
524,23,15,27,0,12,
7405,22,0,0,0,0,
3827,11,0,0,0,0,
1481,8,0,0,0,0,
3002,26,0,0,0,0,
3427,16,0,20,15,11,
3924,7,0,0,0,0,
6374,3,6,0,0,0,
8000,2,0,0,0,0,
825,96,96,96,95,95,
1698,4,6,0,0,2,
2982,96,0,0,7,0,
4858,10,0,0,0,38,
8583,49,0,10,64,17,
5916,96,96,29,0,0,
521,28,6,64,18,22,
2085,14,74,5,75,19,
2119,44,0,0,0,0,
2697,15,0,0,0,0,
4021,6,0,0,0,0,
810,10,4,0,7,0,
8138,9,0,9,62,59,
4803,22,0,0,0,0,
8394,15,7,58,69,0,
4908,3,0,0,0,0,
895,70,0,5,64,0,
4175,46,0,0,22,0,
1077,6,47,5,6,56,
6582,2,0,0,0,6,
6698,12,1,11,12,18,
3936,29,0,0,29,0,
1391,50,0,46,11,0,
7908,2,5,63,0,58,
2071,43,8,18,11,10,
6603,3,0,0,0,0,
1365,2,0,0,0,0,
7528,15,5,0,0,0,
6521,5,0,3,0,5,
4857,18,0,0,10,0,
6527,3,0,0,0,6,
3744,68,1,61,46,51,
168,29,71,27,0,10,
1551,3,0,5,0,2,
819,8,4,0,0,0,
1826,12,15,9,8,6,
8160,12,0,0,0,2,
2764,56,0,0,0,0,
7263,5,0,32,0,0,
8521,3,11,14,7,0,
8584,24,0,0,0,0,
2928,55,0,52,0,0,
8137,159,0,0,0,55,
7120,7,0,13,12,7,
7112,73,0,0,63,74,
5506,2,0,0,0,0,
4162,4,0,0,0,62,
3739,2,0,0,5,6,
6710,73,76,4,71,69,
127,10,7,5,0,56,
358,12,9,0,0,11,
2265,52,0,15,0,12,
6854,33,0,0,0,0,
2017,4,9,0,8,0,
2105,57,0,0,59,67,
1962,10,24,35,18,11,
5946,57,0,50,48,50,
6902,96,0,4,12,0,
1121,5,0,12,5,14,
3654,7,0,0,2,8,
7896,3,0,4,25,0,
3209,56,0,43,45,58,
6635,3,65,71,63,0,
551,2,0,0,0,0,
8492,2,5,0,0,54,
6117,2,0,7,0,32,
6997,71,0,0,72,72,
7678,38,6,67,55,32,
539,22,0,0,0,22,
8552,3,12,0,0,0,
3349,30,0,0,0,0,
4502,43,0,0,0,0,
7855,43,0,65,0,57,
1125,52,16,67,36,7,
238,74,11,77,76,65,
5450,7,8,0,15,34,
7240,71,0,70,65,62,
3509,61,0,69,60,67,
6887,71,0,73,0,31,
5102,10,8,0,0,0,
7320,41,0,0,56,14,
1379,19,0,0,0,6,
7733,5,0,0,0,0,
3496,65,2,70,7,57,
5703,9,21,36,54,62,
6077,50,18,0,44,48,
317,60,55,30,47,21,
3605,67,0,0,5,3,
8023,61,5,8,21,16,
8557,5,3,0,65,69,
5107,7,21,0,52,0,
4013,35,0,63,0,0,
6801,5,0,0,6,8,
6689,4,0,0,3,0,
6972,60,0,67,36,55,
6740,18,6,10,18,0,
7739,11,0,0,0,9,
8598,14,0,0,5,0,
2225,69,4,74,70,56,
6196,22,42,2,0,58,
2311,69,0,0,0,0,
3652,8,0,0,3,0,
5750,19,0,30,36,9,
8284,62,60,0,15,61,
3339,20,0,40,23,0,
4562,57,72,74,65,25,
6852,73,0,24,0,32,
6614,70,0,0,32,0,
7426,73,5,76,68,71,
4016,5,65,63,50,57,
218,14,10,0,15,0,
1921,32,0,0,0,8,
7165,10,0,6,0,10,
7187,2,0,0,0,4,
7935,56,61,61,24,46,
7063,39,0,0,66,11,
8812,72,73,3,63,0,
1373,71,4,0,0,66,
8456,54,0,6,0,0,
3408,4,0,9,9,6,
5898,68,33,26,22,64,
6559,70,59,7,35,48,
6973,2,0,0,14,0,
7477,4,0,0,0,6,
586,4,0,0,0,0,
2467,7,3,0,0,0,
715,5,3,0,5,0,
8499,27,60,21,0,17,
7053,68,0,0,65,0,
8735,3,0,0,11,0,
8286,48,17,0,0,18,
4706,6,0,0,6,68,
2628,14,14,0,0,0,
3215,71,0,67,65,68,
6960,62,0,72,63,60,
5140,7,8,0,3,0,
7184,24,0,31,19,41,
561,45,50,4,27,0,
6362,6,0,50,0,0,
7503,55,27,23,56,63,
867,8,0,6,0,5,
1471,10,11,10,10,0,
6568,59,38,0,42,60,
3365,5,0,0,0,0,
3813,7,0,27,0,0,
4197,7,57,0,7,5,
4319,51,0,18,15,23,
6665,56,69,0,0,0,
6193,5,12,3,3,0,
6826,2,0,0,0,8,
7470,23,43,6,8,16,
7776,7,34,0,20,0,
298,31,57,0,35,49,
326,7,0,0,0,4,
668,5,0,3,0,6,
6573,63,5,70,56,62,
7961,69,69,68,62,64,
5725,10,2,0,0,0,
2307,5,0,0,0,0,
6494,58,23,20,42,63,
8457,7,0,2,19,0,
986,7,12,0,17,12,
7978,15,52,0,0,0,
3662,70,0,0,55,0,
6574,18,22,32,32,57,
1688,61,0,0,0,0,
3198,17,0,0,10,0,
7069,21,0,25,70,76,
5374,8,0,0,6,5,
2896,8,0,5,0,0,
6634,2,0,17,52,0,
2256,26,8,18,27,20,
3769,58,30,34,28,0,
4669,40,69,69,0,33,
5070,44,8,0,19,39,
6140,70,0,0,0,0,
7835,43,39,0,12,0,
1485,46,12,57,29,0,
866,6,67,56,0,61,
3409,5,0,10,59,0,
3938,12,0,51,0,14,
3784,22,0,0,52,10,
5141,56,0,0,54,53,
3649,54,0,54,56,0,
6162,25,10,0,7,16,
6653,9,0,0,0,0,
5814,2,15,5,58,0,
1076,69,1,79,51,0,
8660,58,0,0,0,49,
4964,38,0,14,0,36,
4709,17,24,2,21,23,
7454,58,0,61,60,60,
7925,7,12,0,53,56,
903,55,55,60,0,6,
4545,9,6,0,18,25,
2724,14,8,9,0,0,
1217,4,8,0,4,0,
4895,15,7,6,7,17,
6087,60,0,0,0,36,
7228,5,0,0,0,6,
2072,49,0,12,8,0,
3130,92,0,0,0,0,
8419,75,0,71,0,70,
8534,68,59,68,0,34,
2399,73,71,4,66,0,
5111,46,0,0,0,0,
4965,60,51,33,37,22,
5262,14,22,0,0,37,
7269,68,0,0,60,68,
5739,23,0,32,19,0,
6347,17,9,10,0,0,
5743,69,75,77,1,0,
8786,20,42,21,53,19,
171,24,10,21,5,0,
385,34,58,62,0,36,
7398,55,55,56,45,54,
4475,48,0,13,42,27,
6981,55,0,84,32,53,
7930,10,37,0,10,0,
8049,33,0,0,5,38,
3585,23,27,20,0,18,
162,52,27,0,0,6,
569,45,15,40,17,25,
1224,18,10,11,0,20,
8183,67,13,26,0,0,
2381,67,70,71,66,70,
4868,58,0,5,0,0,
5127,17,11,0,16,0,
6625,43,40,12,10,16,
7212,19,0,0,14,6,
7900,22,5,2,0,10,
1944,4,0,0,0,0,
1572,18,31,12,14,11,
1783,20,19,16,19,0,
1310,30,13,0,49,0,
6923,20,0,0,18,0,
0,5,9,0,9,4,
370,49,0,52,0,10,
8589,8,0,0,0,4,
8728,37,0,50,0,0,
8383,49,7,0,0,0,
8267,9,7,8,8,9,
1394,5,0,8,12,16,
1418,12,0,5,8,10,
7225,24,0,0,9,0,
5356,96,6,0,0,0,
1926,19,21,24,11,0,
5597,2,0,0,0,0,
3595,69,0,68,50,52,
7934,71,0,73,25,72,
3228,2,0,4,0,2,
5251,64,22,0,23,0,
3816,11,0,0,13,15,
616,38,8,0,10,0,
833,51,50,49,32,49,
1730,12,15,29,16,10,
1343,4,8,11,0,14,
3331,16,0,17,14,0,
3500,55,66,1,2,0,
7721,5,0,69,60,61,
8344,65,0,5,64,57,
6072,23,23,30,0,18,
7020,13,0,0,7,0,
4461,7,0,0,0,0,
286,50,56,48,0,45,
5332,6,5,0,3,4,
8001,49,19,27,35,12,
5124,32,0,0,16,0,
6728,12,0,26,22,4,
6749,56,65,6,6,57,
6979,5,0,0,0,0,
4788,54,18,0,15,0,
8147,32,0,21,21,26,
893,17,17,50,21,4,
5419,37,0,0,10,0,
7377,50,13,31,23,47,
6651,31,0,0,0,0,
1109,7,0,0,0,0,
1910,8,3,0,0,0,
3242,26,0,11,4,0,
4287,39,0,14,28,20,
5405,40,0,0,8,42,
5903,2,6,0,0,0,
8293,72,0,0,0,73,
2334,24,2,0,0,20,
6380,2,63,5,0,0,
7459,6,6,7,37,0,
3714,34,0,0,0,0,
8463,71,8,73,45,72,
5793,56,0,0,0,0,
8024,33,29,31,18,25,
6658,55,63,54,55,0,
8785,43,0,15,0,35,
1593,4,0,0,0,0,
665,59,38,0,6,0,
5885,8,62,0,0,71,
8291,55,0,57,0,53,
5780,24,4,34,23,28,
7818,14,22,13,0,0,
1181,19,0,21,8,22,
6946,25,0,5,0,0,
1385,9,0,0,0,0,
8058,55,0,35,53,0,
2013,9,0,30,0,0,
5420,38,0,0,0,0,
8370,24,5,0,0,0,
6314,52,0,5,0,0,
7640,28,54,2,18,48,
3174,52,0,51,0,0,
7840,12,0,44,9,51,
342,13,57,0,12,0,
7331,5,34,0,30,27,
6344,66,27,75,64,54,
1468,11,11,0,0,0,
8434,8,5,8,6,9,
3488,4,0,0,5,3,
7023,53,0,0,0,0,
7038,51,0,4,0,0,
5149,11,0,0,0,5,
964,31,0,0,0,5,
6378,5,5,14,8,53,
3573,13,5,9,0,7,
1069,10,0,0,0,7,
7995,19,26,23,30,12,
3369,18,0,18,0,27,
7394,11,12,4,17,0,
1726,38,0,35,10,10,
1617,27,14,2,13,24,
4080,28,0,11,0,0,
7471,24,57,24,23,0,
7812,51,0,53,8,0,
1144,66,0,0,0,0,
8158,58,69,0,52,0,
8701,31,0,0,6,0,
4208,57,22,0,0,53,
2224,67,13,0,51,55,
5510,15,0,0,0,0,
5604,16,12,0,5,0,
988,4,18,0,0,0,
7265,20,0,0,0,0,
7877,52,35,30,49,0,
864,52,0,0,0,0,
3540,62,0,68,62,62,
3118,55,0,56,52,11,
8738,48,48,3,31,8,
6785,8,0,0,17,13,
6125,21,0,0,13,46,
6271,15,13,7,9,0,
6958,15,0,2,5,0,
518,9,12,36,19,36,
8161,32,0,0,41,47,
2844,30,0,25,5,8,
389,10,0,2,9,0,
1952,3,0,7,0,0,
7506,4,6,0,0,0,
377,8,0,0,0,0,
6945,3,0,7,0,15,
8303,21,17,11,0,12,
6298,7,24,6,0,0,
7747,70,74,76,0,38,
7490,57,17,17,55,56,
3565,32,21,27,0,17,
8224,20,0,0,68,70,
1390,5,0,0,0,0,
7017,13,0,0,16,6,
7461,17,0,13,13,4,
6865,2,0,0,0,0,
2964,3,0,5,0,0,
5679,22,9,11,10,16,
6101,47,0,0,0,8,
441,27,12,53,14,0,
1568,51,11,22,13,7,
1111,20,12,10,4,13,
1134,7,9,4,10,0,
1091,9,0,2,0,0,
1119,10,39,28,23,30,
6657,14,0,0,0,0,
7510,8,10,0,6,0,
4555,60,63,2,0,6,
5009,12,11,4,0,0,
5846,16,12,11,28,24,
6320,60,0,53,12,0,
7803,3,6,6,0,0,
8005,11,4,0,7,2,
5931,8,0,21,7,6,
6753,44,8,13,0,43,
5168,6,2,0,0,4,
6236,2,0,0,0,0,
5937,86,0,0,0,0,
1176,95,96,96,86,82,
1234,87,89,84,65,80,
6297,74,72,3,0,7,
1189,10,16,17,20,38,
2235,43,20,2,14,12,
8439,71,73,0,0,0,
5041,70,22,0,56,0,
6133,19,0,0,0,0,
6418,66,62,59,62,55,
6172,18,0,0,0,0,
6866,2,0,0,0,0,
7219,17,0,30,11,9,
8254,46,10,0,0,0,
1177,24,0,5,2,36,
2853,53,59,6,29,0,
3117,66,0,6,7,0,
821,3,0,0,0,0,
3723,8,2,0,0,0,
600,46,56,34,0,37,
3575,4,10,2,12,13,
1803,6,0,8,2,0,
7235,3,0,0,0,0,
3686,8,8,15,9,0,
6135,9,18,0,0,8,
1088,7,0,0,0,0,
4454,20,10,0,13,0,
807,5,0,0,0,0,
3699,25,33,19,30,19,
4793,5,0,0,0,0,
440,30,24,15,7,2,
5056,13,6,0,6,32,
7337,5,0,0,0,0,
73,3,0,0,0,0,
3689,5,15,5,0,0,
633,7,9,3,8,12,
8108,3,19,8,32,40,
6076,6,0,0,0,0,
6427,8,3,0,7,4,
8759,2,0,0,0,0,
1061,24,10,0,0,0,
307,15,0,30,12,0,
3697,12,2,17,0,0,
308,25,4,34,0,52,
7372,56,13,18,0,0,
2089,24,9,17,0,3,
6483,10,0,0,0,0,
8430,14,8,20,0,4,
4460,5,0,0,0,0,
1490,27,9,6,5,0,
3806,8,3,0,0,0,
6843,6,0,8,0,10,
967,14,5,12,0,0,
1045,15,0,19,11,5,
1469,27,0,18,25,0,
7892,19,0,0,0,0,
1383,10,0,0,11,5,
4830,2,0,0,0,0,
1367,3,0,0,0,0,
2349,6,0,0,0,0,
8222,16,9,13,2,0,
4835,6,0,0,0,0,
5306,7,0,0,0,8,
6814,28,0,0,22,29,
4581,42,59,57,21,28,
6088,25,16,0,7,0,
160,33,9,43,14,13,
1212,12,14,0,0,0,
8251,3,15,0,0,0,
5406,6,4,0,0,0,
6877,11,0,0,3,21,
8634,14,6,5,2,0,
3122,96,0,0,91,96,
6011,38,32,35,51,0,
7554,6,10,0,5,10,
455,13,9,0,0,0,
7453,53,53,53,0,56,
6444,70,24,0,69,71,
6620,43,58,35,0,10,
985,3,6,14,0,15,
3817,16,0,20,0,0,
5976,4,0,0,0,0,
2816,9,0,0,0,0,
3709,39,6,0,0,0,
4861,31,0,0,25,0,
7296,10,0,0,0,0,
1716,7,0,13,0,0,
3395,9,0,0,0,0,
3397,11,0,0,0,5,
7743,31,26,0,0,5,
1060,8,2,5,5,2,
1357,13,0,0,9,6,
6461,14,0,13,0,0,
287,14,0,0,0,0,
345,43,0,41,0,0,
365,5,0,4,0,0,
2846,6,8,0,7,0,
603,27,0,0,14,0,
5655,7,14,2,0,4,
7755,16,0,0,8,20,
8051,11,0,0,6,0,
1261,23,0,2,12,0,
5271,6,12,0,0,27,
5709,4,0,0,0,0,
225,14,3,25,0,12,
7841,15,20,8,10,8,
7031,81,0,0,0,0,
2002,20,0,0,0,14,
8608,30,45,22,24,0,
1476,10,0,0,0,0,
6424,21,30,13,21,0,
625,2,13,10,7,3,
442,10,10,0,6,0,
3510,4,3,0,0,0,
797,29,17,3,12,10,
1280,9,19,0,26,20,
2698,5,4,26,0,7,
5837,13,0,17,44,13,
5741,6,0,12,0,0,
3757,44,6,0,0,10,
8642,19,26,59,62,57,
7397,7,13,0,2,0,
196,2,0,0,0,0,
1155,7,5,0,27,20,
8314,6,0,25,0,0,
6315,50,0,3,0,50,
1396,5,4,5,0,15,
1590,14,26,19,15,15,
1812,8,0,0,18,8,
3944,7,0,0,0,0,
501,21,11,25,0,3,
2466,29,0,23,5,0,
4459,6,0,0,0,0,
6957,5,0,34,0,10,
1010,83,86,90,77,82,
1301,83,85,81,78,82,
5308,63,20,0,0,0,
1959,5,10,0,0,0,
1554,10,0,6,36,0,
5069,66,0,0,58,0,
7383,68,56,0,58,61,
1225,52,15,0,17,0,
4065,56,0,0,48,53,
8488,13,0,0,5,0,
163,20,14,12,4,6,
192,11,51,0,16,55,
6231,6,0,0,0,6,
6896,13,0,0,0,0,
4607,10,0,7,0,0,
6383,51,0,0,0,0,
346,11,0,0,0,0,
1720,10,27,5,7,0,
1793,9,0,19,15,2,
336,10,0,0,0,0,
731,7,8,9,0,5,
1049,13,0,0,5,0,
1610,6,0,0,0,0,
6323,25,0,10,18,0,
3166,38,0,0,0,0,
3479,12,9,9,6,0,
5446,39,0,0,16,0,
8459,27,10,9,9,0,
7118,4,0,0,0,0,
8329,70,61,0,69,70,
2108,34,12,42,0,49,
6572,15,0,53,0,19,
5868,66,66,59,0,0,
5869,17,0,0,0,10,
41,12,0,0,0,0,
2845,5,0,0,0,0,
751,2,0,4,0,6,
5472,22,0,0,0,0,
6095,46,0,0,46,47,
8231,14,0,7,14,5,
4450,3,0,0,0,4,
7985,19,8,19,11,9,
2848,9,18,0,39,0,
7355,8,7,11,0,0,
8189,17,14,0,0,14,
2106,27,51,71,9,7,
2997,3,0,0,0,4,
332,16,37,25,20,16,
2612,2,0,0,0,0,
339,6,0,0,8,23,
2323,7,2,5,0,0,
6891,5,0,6,0,0,
8516,25,0,30,4,23,
8449,57,36,54,54,53,
1931,31,27,61,55,53,
2229,12,0,0,0,0,
8004,15,38,10,26,29,
1718,56,0,0,22,54,
1756,5,0,0,0,2,
7719,48,0,0,0,0,
4554,8,23,0,5,3,
49,26,0,0,0,0,
1621,4,0,0,4,0,
786,21,22,10,42,20,
1063,7,10,6,10,3,
1210,12,5,14,10,6,
1355,11,14,7,0,6,
2029,17,0,4,5,10,
8617,6,8,0,5,0,
7659,22,0,12,5,10,
147,6,11,0,0,7,
2611,6,6,0,0,3,
2624,2,0,0,0,0,
4579,4,0,0,0,0,
4694,35,21,0,14,22,
6892,11,0,21,12,4,
873,67,58,76,42,65,
5740,54,43,27,17,52,
7567,52,0,6,0,27,
6518,17,0,0,11,0,
8211,28,15,25,6,24,
8445,5,14,0,3,0,
8605,13,9,0,0,0,
6376,19,18,2,7,0,
137,7,0,0,5,8,
6941,16,0,0,0,24,
1905,14,16,4,0,8,
3366,9,0,3,15,0,
8278,10,0,0,9,8,
8442,15,0,0,6,27,
429,21,18,19,6,7,
427,7,0,6,12,12,
8680,94,0,0,0,0,
6964,52,0,42,0,42,
1361,10,2,15,0,0,
4250,16,0,0,0,2,
2010,2,8,0,0,2,
5719,14,14,9,0,9,
3559,48,0,0,10,33,
3865,25,0,0,7,0,
5226,10,0,0,0,0,
7736,13,0,64,0,12,
8464,4,0,0,0,0,
4123,5,8,5,16,8,
3741,19,0,0,9,19,
2226,3,10,14,0,0,
7287,4,0,0,0,0,
2427,30,4,46,22,0,
605,14,0,0,18,0,
4082,11,12,0,0,10,
1791,4,22,16,25,6,
7642,14,0,0,7,0,
1032,12,16,17,7,6,
673,18,4,23,15,8,
1058,4,2,0,0,0,
2509,14,20,25,2,11,
6715,8,26,31,23,8,
6024,9,0,0,7,4,
6112,53,6,0,32,0,
7553,2,0,0,0,0,
2336,29,23,20,14,15,
2337,23,0,0,0,0,
6203,22,21,7,28,18,
2431,3,0,11,0,0,
1792,5,12,0,0,4,
425,6,4,0,0,0,
264,26,11,6,7,18,
1011,12,6,0,5,11,
1333,16,18,7,0,6,
4888,14,0,12,0,7,
8520,59,0,0,0,0,
3195,27,0,3,11,0,
2080,16,20,0,0,0,
7998,20,4,21,6,41,
2159,2,0,4,0,0,
5551,14,5,0,8,4,
138,16,0,0,0,0,
2302,46,0,0,0,6,
5169,30,4,0,11,12,
5678,44,0,0,12,1,
793,22,0,10,0,10,
1359,9,0,0,0,3,
4907,13,26,3,25,33,
263,3,0,0,0,0,
3646,15,6,8,4,12,
5195,29,0,0,14,22,
1336,3,10,0,0,0,
2082,2,5,0,14,6,
3532,9,0,0,0,9,
4569,3,5,0,4,5,
5282,3,0,0,3,0,
7157,24,0,7,0,0,
1429,96,96,96,93,57,
7192,67,0,54,12,59,
5831,71,73,80,40,70,
7427,65,63,71,61,60,
566,33,0,16,25,0,
5698,34,52,41,34,50,
7787,29,16,35,0,9,
3993,2,0,0,8,0,
5224,14,0,0,12,0,
8501,9,0,0,0,0,
205,6,0,0,0,0,
337,5,0,0,0,0,
3197,10,0,3,12,0,
1346,6,0,0,26,0,
6829,31,0,18,0,52,
4320,64,72,74,2,0,
2048,41,19,29,15,24,
5101,40,0,0,43,37,
8789,49,0,52,55,49,
1293,18,0,0,0,0,
8368,10,13,18,7,14,
3700,14,0,4,0,11,
7969,21,0,0,0,0,
7395,11,0,17,16,29,
2081,10,0,2,9,2,
5284,5,4,0,0,0,
755,6,20,4,16,7,
3947,11,0,0,0,0,
5963,3,0,0,0,0,
4030,3,3,0,0,0,
6244,2,0,0,6,0,
371,47,0,0,25,0,
1545,23,0,0,0,0,
1397,13,0,0,0,0,
2800,6,2,8,3,0,
8448,2,0,0,0,0,
3542,43,0,47,3,37,
5190,16,0,0,6,21,
344,36,0,0,7,15,
8170,14,23,8,29,28,
496,9,0,4,0,0,
7480,3,0,9,0,0,
1180,7,2,0,0,0,
8098,17,6,10,0,12,
2289,7,0,0,0,0,
1960,10,15,0,6,0,
4428,6,0,0,0,17,
241,5,8,6,0,41,
6409,3,0,0,0,0,
6863,13,0,0,0,0,
378,5,0,2,0,10,
6415,56,12,67,0,0,
6222,52,0,54,10,0,
4524,24,0,0,2,4,
718,33,0,0,12,0,
3161,50,0,0,0,0,
2809,24,0,0,0,0,
1084,34,0,0,3,15,
5924,15,0,5,3,15,
135,11,9,0,0,11,
3800,18,0,0,9,9,
6500,10,0,0,0,0,
6395,2,0,0,0,0,
3749,6,0,0,10,7,
3205,14,0,16,0,0,
7983,5,0,6,0,6,
2133,5,0,0,0,2,
2157,5,0,0,3,12,
5533,13,0,0,0,0,
5736,6,0,12,12,16,
1163,4,6,0,0,0,
8665,64,83,0,0,0,
4889,10,2,8,0,12,
1286,7,0,0,0,0,
2308,4,0,0,0,0,
1941,24,0,18,0,11,
2969,19,0,0,0,0,
6943,8,0,0,30,18,
3309,9,0,12,0,11,
8105,21,0,0,0,11,
1203,5,0,0,0,3,
4453,3,0,0,0,0,
5194,6,0,0,8,20,
2329,3,6,0,0,0,
5146,14,4,0,22,9,
251,63,0,50,0,2,
6717,43,0,15,0,26,
3801,32,12,29,8,0,
870,8,8,0,6,0,
3724,30,0,45,0,0,
8764,12,7,7,0,8,
6146,15,13,6,0,20,
6606,18,31,34,0,11,
1598,86,0,0,0,0,
1556,52,0,11,0,0,
4365,43,0,5,0,0,
1329,50,52,37,49,51,
1206,25,0,26,16,13,
1907,47,48,0,44,0,
1041,3,0,0,8,0,
6688,13,0,0,0,2,
6773,10,0,0,0,0,
1082,6,0,9,0,0,
6016,10,0,16,8,7,
6925,6,0,30,23,0,
7185,4,0,0,0,0,
4042,6,0,0,0,0,
740,8,0,0,0,9,
6501,13,9,0,4,0,
1034,41,0,30,26,26,
8369,28,0,0,7,0,
1345,31,7,0,0,0,
8021,17,16,28,0,8,
1445,10,11,0,0,0,
3245,11,0,19,11,12,
7760,5,10,0,6,11,
6681,9,8,8,0,20,
5872,21,12,16,7,18,
914,6,0,0,12,0,
4054,12,0,0,0,0,
5167,5,0,0,0,0,
8431,2,0,0,0,0,
6223,61,0,70,0,64,
2095,38,27,0,9,4,
5008,16,20,23,24,10,
195,12,0,7,4,19,
7431,8,0,14,7,0,
5193,5,0,0,0,6,
7717,9,0,0,2,20,
3316,13,0,0,15,7,
1369,12,13,25,5,0,
6413,11,13,6,4,7,
6994,7,0,7,9,11,
5529,4,0,0,0,0,
7639,6,13,5,5,0,
6325,19,0,5,11,0,
5039,20,0,0,20,0,
7171,9,0,0,0,0,
69,5,0,13,11,11,
2022,11,3,7,3,0,
2506,5,20,9,0,10,
3403,32,0,8,43,0,
5471,2,0,0,0,0,
1729,5,0,5,0,0,
1790,7,4,0,7,7,
7806,15,24,3,0,0,
226,21,30,0,18,6,
321,4,0,7,0,0,
1332,59,56,63,51,55,
5978,57,0,0,0,0,
3625,53,64,52,45,50,
1157,2,0,0,0,0,
324,3,19,7,0,0,
396,10,0,5,7,2,
3236,10,0,16,4,10,
8185,12,5,55,7,3,
8545,7,9,6,4,0,
5721,11,0,4,0,0,
6250,11,0,16,3,0,
8269,51,5,4,4,31,
3776,25,25,24,3,33,
7191,9,0,16,0,0,
1879,6,0,0,0,0,
6531,8,10,0,0,12,
4200,7,0,0,0,0,
6627,7,0,37,0,11,
7558,3,0,0,0,0,
232,47,8,29,49,40,
6813,25,0,19,10,0,
8372,38,42,42,40,39,
4751,5,0,0,0,0,
2328,6,6,0,0,4,
46,8,0,3,0,6,
1475,4,0,0,0,0,
7799,3,0,2,0,0,
1997,2,8,3,0,0,
1961,3,5,6,0,15,
8223,49,34,45,46,39,
4532,21,18,0,8,7,
7328,5,3,0,0,0,
6781,3,0,0,0,0,
6684,2,2,0,5,0,
8339,2,0,0,0,0,
2122,58,6,5,6,58,
6577,2,0,0,0,0,
3695,2,0,10,15,0,
1776,17,0,7,7,5,
6053,6,0,0,0,0,
7950,5,0,8,0,0,
5164,2,0,0,0,0,
6780,4,0,8,0,0,
7796,3,0,2,3,0,
4832,6,25,12,0,0,
832,13,0,17,6,12,
3301,11,0,0,0,0,
5444,23,0,0,0,0,
1618,14,2,9,0,0,
6130,7,0,0,17,25,
3194,2,0,7,0,0,
2140,3,0,0,0,0,
6935,2,0,0,0,0,
6285,38,0,28,0,29,
6057,10,0,0,0,0,
2379,12,0,0,0,0,
7744,2,8,16,18,24,
4977,12,0,9,13,0,
3229,2,0,0,0,2,
7390,38,0,0,56,0,
426,39,0,7,0,0,
1358,19,14,0,0,33,
1024,2,2,0,0,0,
7858,22,16,19,0,0,
6580,4,19,0,6,21,
1592,15,9,12,0,11,
2761,7,2,0,0,0,
5288,6,0,0,0,0,
1198,5,0,0,0,0,
1647,2,0,0,0,4,
2333,2,37,17,17,30,
176,16,0,2,0,8,
1026,10,7,0,0,2,
2061,8,9,0,6,7,
5716,7,0,0,0,0,
7266,13,0,11,8,29,
7966,5,17,33,6,0,
1645,3,0,0,0,0,
5137,96,0,0,0,0,
4963,52,0,0,30,18,
3083,19,0,5,17,8,
5744,3,0,6,0,0,
47,57,0,70,54,52,
8648,15,33,0,0,0,
7631,9,46,0,0,41,
7204,11,0,10,11,23,
8220,14,0,0,0,0,
8806,8,0,0,0,0,
7374,11,20,2,49,5,
746,4,8,0,0,0,
2510,7,3,12,5,0,
1727,3,0,0,0,5,
1559,19,0,57,0,53,
309,12,0,0,0,25,
2652,9,2,15,0,0,
3596,14,8,7,0,0,
6524,7,7,8,0,0,
128,6,17,0,0,0,
93,6,0,4,27,15,
3630,7,0,4,0,0,
8179,10,0,0,15,21,
38,8,0,0,0,0,
3798,3,0,0,0,0,
1728,13,12,34,0,15,
169,6,3,6,4,8,
214,6,5,13,7,5,
224,3,21,24,2,0,
583,16,16,0,10,18,
51,13,0,20,0,7,
5125,15,8,0,0,0,
394,14,3,0,0,0,
3958,2,14,20,13,19,
6726,5,0,0,0,0,
6808,8,0,0,14,0,
3860,2,0,0,0,2,
5782,7,0,14,0,8,
7474,2,6,3,0,0,
4714,22,0,0,0,0,
180,5,4,0,0,6,
6422,10,24,0,14,5,
5602,12,0,0,9,0,
7511,2,0,0,0,0,
6428,3,18,0,0,12,
3708,8,0,3,5,0,
101,7,0,0,0,0,
6759,18,0,4,0,0,
3300,8,0,21,18,20,
6145,6,0,0,2,0,
8699,14,14,23,21,10,
7797,2,0,3,0,0,
1158,5,6,4,3,14,
8332,3,0,0,0,0,
6012,8,9,0,19,18,
1789,53,7,0,0,0,
8765,54,6,33,0,43,
6068,17,0,0,0,6,
1384,9,0,0,0,0,
657,5,0,0,0,7,
7193,7,0,0,21,0,
7298,8,0,8,10,19,
4346,5,7,0,2,4,
4893,8,4,7,0,0,
6119,5,0,0,0,0,
53,3,0,0,2,0,
1437,22,0,0,15,10,
5499,2,0,0,0,8,
4336,17,0,0,0,0,
8550,13,0,0,0,12,
7704,14,0,0,0,0,
6398,13,9,28,0,10,
7857,11,14,0,0,11,
5382,8,0,0,10,0,
6165,3,0,0,0,0,
7763,8,4,0,6,5,
4272,11,0,0,0,2,
468,3,15,18,4,14,
541,4,2,28,54,17,
7727,7,43,14,0,0,
1050,7,0,2,2,10,
2465,2,0,0,0,0,
652,61,0,0,0,0,
6324,11,0,0,0,0,
5554,14,0,0,0,0,
1759,2,0,0,0,0,
1133,6,11,0,8,0,
6745,3,6,2,0,0,
8739,2,3,7,0,0,
4479,53,0,50,0,0,
2921,69,0,0,0,72,
6122,58,1,0,0,53,
3094,27,0,0,32,0,
5899,8,0,0,0,0,
8352,8,0,0,0,0,
4271,6,7,22,0,0,
6685,5,0,0,0,8,
55,6,16,0,10,0,
6655,3,28,12,5,22,
8140,53,0,0,63,0,
1382,8,0,4,0,12,
6406,10,0,0,34,3,
3383,10,0,0,24,0,
785,14,9,18,12,8,
5379,5,0,0,13,0,
323,7,0,0,0,2,
8567,5,4,0,6,12,
2207,2,12,0,0,0,
354,5,25,17,21,0,
7992,68,0,0,57,68,
3363,62,0,2,0,0,
6791,53,0,0,0,0,
5733,15,0,0,0,0,
6105,15,0,0,0,0,
6819,8,0,9,0,0,
6272,5,4,0,4,5,
3384,2,0,11,4,0,
457,2,0,0,0,2,
6497,7,0,0,0,0,
2970,7,0,24,0,0,
8809,20,2,0,0,0,
1033,3,10,0,0,0,
13505,2,0,0,0,7,
4126,4,36,26,5,8,
7099,2,0,9,5,19,
2193,87,0,0,0,0,
7071,67,0,69,59,57,
1956,63,65,60,57,55,
1413,50,0,0,0,0,
8308,24,10,20,18,0,
4568,16,0,8,0,0,
6857,20,0,12,10,7,
7078,9,0,4,28,14,
7100,2,0,0,0,0,
7997,3,6,0,0,0,
2459,96,0,0,0,0,
356,70,0,55,0,61,
6686,53,8,49,0,0,
3373,50,0,0,0,0,
6377,39,0,0,0,0,
431,29,4,41,22,17,
713,2,0,0,0,0,
1166,4,0,0,0,0,
5952,6,14,4,0,0,
2702,8,10,0,13,3,
5322,9,0,0,0,0,
297,2,4,6,0,0,
560,3,12,3,3,24,
4481,56,61,54,0,0,
7373,58,0,0,2,54,
3111,57,0,0,0,52,
6004,60,61,66,58,56,
5735,25,0,5,0,26,
6441,16,0,50,4,4,
3802,8,0,5,0,0,
708,6,0,0,0,12,
792,10,0,5,18,17,
7783,7,11,22,6,34,
3773,14,7,7,1,0,
201,10,12,9,0,4,
304,2,3,0,0,0,
6242,2,0,0,0,0,
3521,3,0,0,0,0,
6462,67,70,75,0,0,
6359,65,0,0,0,0,
4150,11,0,0,22,0,
4528,3,10,0,0,0,
6940,13,0,0,0,0,
1701,4,7,4,0,0,
3498,67,5,72,6,0,
1829,59,0,0,0,0,
181,58,60,0,49,0,
8107,40,0,0,4,4,
6712,42,0,0,10,0,
6645,20,0,23,26,0,
916,10,0,0,0,0,
6629,7,12,16,11,3,
7728,11,7,0,0,0,
6683,11,8,7,10,22,
44,3,6,5,4,0,
5696,58,0,0,0,0,
1782,7,11,10,22,30,
1693,11,15,0,23,8,
3598,6,0,16,0,0,
4575,96,96,96,0,0,
5883,44,7,0,0,0,
6396,6,10,0,18,0,
4530,7,15,6,0,2,
5099,16,0,0,7,0,
8650,7,0,20,60,53,
1576,3,2,0,6,13,
1880,6,0,0,0,0,
3410,2,0,0,0,0,
7839,64,67,63,0,13,
4269,5,0,5,0,0,
466,4,0,32,19,3,
3241,4,0,2,0,0,
6564,3,0,2,0,3,
5969,2,5,9,11,44,
3480,65,2,14,0,0,
3250,7,0,2,5,12,
7878,10,42,11,0,0,
6084,7,0,0,0,0,
4159,7,12,30,2,0,
6363,5,0,0,0,0,
2178,2,0,0,0,0,
3499,2,24,23,2,11,
3508,60,61,1,65,0,
6070,62,0,0,30,28,
764,9,0,0,0,0,
556,4,0,0,0,8,
7407,5,2,0,9,0,
7709,4,0,0,0,0,
5196,5,3,0,9,18,
672,2,0,0,0,0,
183,2,0,28,0,49,
4293,70,71,6,72,0,
8518,68,3,0,5,0,
1591,10,0,0,0,0,
5267,5,0,0,50,0,
7907,84,0,70,0,94,
1495,67,0,61,0,61,
564,3,11,32,0,15,
7980,5,0,0,10,15,
8094,2,0,0,0,4,
6124,6,4,0,13,0,
6148,6,53,14,3,0,
1435,5,0,0,0,0,
7021,70,0,74,0,6,
2079,3,6,0,0,6,
7711,3,67,0,51,0,
6859,3,0,0,0,8,
1473,2,4,0,0,0,
2813,3,30,7,8,0,
6912,2,0,22,3,11,
7906,84,67,71,1,19,
5066,68,9,0,5,5,
2063,9,0,16,17,0,
4179,6,12,4,0,0,
4292,72,2,0,0,16,
4798,5,0,27,3,24,
6010,5,6,4,0,0,
6598,0,93,96,67,89,
4435,0,96,96,4,0,
319,0,78,76,2,74,
8726,0,61,5,5,0,
7726,0,1,1,0,65,
7674,0,74,3,68,0,
3606,0,76,4,39,0,
6709,0,3,72,0,73,
8371,0,4,0,4,0,
7738,0,74,75,71,72,
6387,0,4,0,7,0,
6703,0,5,0,57,4,
674,0,12,5,5,8,
5813,0,3,9,3,6,
5143,0,4,0,0,0,
4653,0,4,0,0,0,
1460,0,13,0,0,0,
687,0,59,2,27,5,
7375,0,5,0,4,2,
3795,0,21,0,0,0,
801,0,5,16,5,0,
4004,0,3,0,0,0,
7988,0,21,24,9,5,
45,0,2,33,24,7,
2065,0,2,19,13,0,
5,0,7,0,0,0,
688,0,3,2,22,27,
5489,0,3,0,0,0,
3635,0,13,67,4,0,
2118,0,4,0,0,4,
133,0,10,0,0,0,
6452,0,74,56,61,61,
8702,0,43,0,6,0,
5950,0,10,11,0,6,
1794,0,9,11,0,0,
4833,0,7,0,0,0,
2102,0,23,0,12,0,
5097,0,26,0,40,41,
6676,0,4,4,0,0,
6411,0,3,0,4,0,
54,0,2,11,0,0,
7676,0,57,0,0,0,
8498,0,62,63,68,0,
6150,0,19,0,0,0,
3426,0,4,0,3,0,
4520,0,71,5,0,18,
3600,0,24,16,8,31,
8592,0,20,9,20,11,
5664,0,55,0,51,53,
7979,0,5,6,0,0,
3414,0,5,0,0,0,
1957,0,47,7,12,0,
2088,0,58,0,0,0,
7921,0,66,0,0,0,
881,0,8,0,0,0,
3478,0,7,0,0,64,
3968,0,36,36,0,14,
7990,0,72,71,1,0,
528,0,7,10,0,34,
2015,0,10,14,15,0,
359,0,32,10,0,8,
7513,0,5,4,0,8,
2331,0,2,0,0,0,
4712,0,3,0,0,0,
5162,0,8,0,7,0,
5401,0,20,0,0,57,
8530,0,4,0,0,0,
2057,0,5,0,0,0,
4537,0,2,0,7,22,
5897,0,73,4,0,0,
1305,0,57,0,0,52,
8097,0,5,7,0,5,
7661,0,3,0,0,0,
3902,0,56,0,0,34,
5583,0,5,0,0,6,
7976,0,71,2,62,6,
7889,0,23,8,4,5,
5917,0,5,0,0,9,
3656,0,64,0,0,0,
5062,0,3,0,15,0,
5110,0,22,0,22,20,
6646,0,54,0,0,0,
60,0,40,5,45,49,
6318,0,67,7,0,62,
4260,0,6,9,0,0,
7458,0,58,33,0,0,
7792,0,32,31,0,0,
1308,0,20,0,0,21,
6590,0,4,14,10,7,
8396,0,8,0,0,0,
4558,0,57,6,25,0,
8257,0,69,30,0,0,
7975,0,5,0,0,0,
4202,0,57,0,0,0,
6085,0,70,70,0,0,
8315,0,24,0,0,47,
8102,0,18,0,5,0,
1330,0,18,63,12,0,
1466,0,12,8,7,9,
3743,0,18,51,37,25,
152,0,13,0,0,0,
5731,0,17,21,29,0,
744,0,10,8,0,0,
8450,0,20,27,0,0,
3763,0,55,0,30,0,
3887,0,11,28,6,0,
5894,0,59,68,59,66,
6144,0,19,13,16,0,
8447,0,39,12,0,0,
2030,0,4,0,0,5,
405,0,26,0,0,0,
4122,0,37,20,12,5,
3645,0,9,0,6,0,
3541,0,2,0,0,5,
974,0,65,0,51,38,
5189,0,22,0,0,0,
6391,0,60,0,34,61,
1264,0,61,0,0,64,
3661,0,32,0,0,0,
8159,0,26,0,4,0,
5439,0,4,0,19,12,
3925,0,69,1,0,0,
741,0,2,0,4,0,
4696,0,6,0,11,0,
5452,0,15,0,0,0,
1573,0,10,0,0,0,
2056,0,17,0,42,0,
2136,0,52,9,4,0,
182,0,3,0,0,0,
8289,0,47,0,78,78,
369,0,6,0,0,8,
3957,0,66,0,0,0,
1380,0,25,56,0,10,
37,0,16,7,0,10,
5545,0,20,0,70,1,
1145,0,19,0,54,62,
3511,0,58,48,37,63,
348,0,11,0,0,0,
6716,0,6,0,7,5,
4577,0,21,0,0,0,
8343,0,67,0,0,0,
8724,0,50,0,0,0,
4967,0,32,0,4,0,
2843,0,5,0,0,0,
3440,0,9,6,0,5,
303,0,4,0,0,0,
1183,0,29,21,0,10,
6747,0,59,0,0,3,
865,0,52,0,0,0,
7448,0,31,0,0,0,
3837,0,22,7,6,19,
6460,0,49,51,17,0,
5163,0,10,0,0,0,
5266,0,17,0,0,0,
5680,0,8,0,0,0,
6123,0,12,0,53,0,
6491,0,37,0,25,0,
2762,0,7,0,11,0,
4864,0,2,0,0,0,
4610,0,17,0,0,0,
1056,0,2,0,0,0,
1725,0,11,9,9,5,
8582,0,3,0,5,7,
256,0,22,0,0,0,
8042,0,22,0,64,69,
4553,0,65,70,13,33,
2650,0,10,0,0,16,
3495,0,5,0,0,0,
5722,0,7,0,9,0,
1372,0,7,32,0,0,
5906,0,7,0,0,0,
3648,0,2,0,0,5,
7687,0,34,0,8,43,
7788,0,13,21,6,27,
1324,0,18,6,10,0,
7620,0,9,31,0,0,
3967,0,29,24,0,0,
4997,0,3,0,0,0,
12322,0,70,53,0,0,
8271,0,4,0,0,0,
1757,0,3,2,0,0,
1102,0,9,5,3,0,
2725,0,8,0,0,0,
3512,0,5,8,0,0,
4358,0,16,0,0,0,
7346,0,5,4,0,0,
4561,0,10,22,0,0,
4172,0,36,0,5,4,
5130,0,8,0,0,12,
483,0,6,0,0,0,
2380,0,47,24,37,27,
7964,0,30,55,1,0,
5939,0,5,3,0,0,
3787,0,12,6,0,0,
7516,0,19,0,10,3,
6349,0,2,0,3,0,
7867,0,8,8,0,3,
8707,0,7,4,0,12,
5286,0,7,0,0,0,
6249,0,13,6,11,6,
8417,0,69,2,0,0,
773,0,11,0,0,8,
3692,0,33,0,0,0,
5977,0,65,14,0,0,
7861,0,8,0,17,31,
874,0,17,0,0,0,
6670,0,4,0,0,10,
7345,0,3,0,4,0,
1988,0,76,0,0,0,
4756,0,50,0,0,27,
7408,0,21,25,0,15,
1850,0,14,6,3,8,
6007,0,18,0,0,0,
3544,0,57,0,3,0,
8572,0,4,10,17,6,
1089,0,4,0,0,0,
1646,0,10,0,0,0,
3528,0,47,59,0,0,
8546,0,19,8,0,0,
1371,0,9,0,0,6,
439,0,8,0,10,15,
1539,0,10,0,0,0,
1787,0,6,0,6,0,
6061,0,11,0,0,0,
7703,0,6,0,0,0,
671,0,8,11,21,19,
1124,0,3,8,2,12,
4996,0,2,0,0,0,
8320,0,58,54,5,6,
6020,0,3,0,5,5,
1581,0,6,22,9,23,
2068,0,7,0,2,14,
6368,0,29,33,28,0,
6002,0,52,45,45,0,
1477,0,38,23,9,0,
4800,0,28,2,0,0,
2722,0,10,0,0,8,
7541,0,7,4,0,0,
8384,0,2,14,0,0,
1402,0,61,43,0,20,
6216,0,47,56,10,0,
8455,0,8,25,0,0,
6720,0,2,0,0,0,
1274,0,3,0,3,0,
4910,0,75,9,72,38,
7854,0,24,0,0,0,
627,0,95,48,0,76,
817,0,8,0,8,2,
3922,0,9,0,0,5,
5802,0,5,4,0,0,
6354,0,2,0,6,0,
5812,0,18,8,0,3,
83,0,11,11,5,8,
2155,0,2,0,0,0,
4332,0,12,3,3,0,
7949,0,2,0,0,0,
6039,0,38,0,0,0,
5888,0,9,0,0,0,
4083,0,9,0,0,36,
6697,0,10,6,11,27,
3519,0,3,5,9,13,
3949,0,6,0,3,0,
8002,0,4,0,0,0,
1312,0,18,0,0,0,
562,0,13,0,8,0,
5054,0,6,0,0,32,
3748,0,7,7,7,9,
5748,0,17,0,0,0,
3222,0,11,4,0,0,
7984,0,6,0,2,4,
3729,0,25,22,0,7,
5145,0,2,0,0,3,
580,0,4,0,11,0,
8172,0,12,15,6,0,
15894,0,21,5,0,2,
2037,0,2,0,0,2,
8302,0,8,0,3,7,
4,0,51,0,0,15,
4128,0,11,0,0,0,
1613,0,11,3,0,0,
2701,0,16,3,4,0,
8279,0,3,0,0,0,
5265,0,20,0,0,48,
7358,0,45,0,0,0,
1583,0,21,9,4,0,
2803,0,16,0,0,0,
393,0,3,0,0,0,
3651,0,6,6,0,0,
1550,0,12,6,9,3,
6080,0,11,0,0,0,
5727,0,81,82,0,0,
5927,0,96,96,86,87,
7525,0,60,64,0,0,
8423,0,71,75,61,67,
2120,0,49,43,0,0,
3953,0,30,0,0,0,
7741,0,58,0,50,0,
6390,0,54,60,48,0,
5911,0,13,0,0,3,
3420,0,7,0,3,0,
3750,0,4,4,0,0,
6425,0,4,0,0,0,
2786,0,59,0,3,0,
3553,0,20,6,10,0,
328,0,14,8,0,0,
1940,0,16,0,12,5,
1699,0,8,15,0,0,
6530,0,41,0,0,0,
3863,0,5,0,0,0,
8149,0,12,0,0,0,
459,0,5,0,0,17,
6623,0,2,13,10,12,
7406,0,33,0,0,0,
2067,0,14,5,8,0,
520,0,10,0,0,0,
1353,0,7,0,0,0,
8342,0,8,0,0,0,
1387,0,20,4,0,0,
4969,0,11,9,10,10,
8473,0,6,0,0,0,
1066,0,4,16,9,6,
4279,0,16,18,0,8,
8659,0,10,0,0,0,
6385,0,2,0,0,0,
3722,0,7,0,0,0,
4058,0,14,0,0,0,
481,0,16,8,4,0,
3745,0,8,0,7,0,
8067,0,4,2,0,0,
1911,0,2,0,0,0,
3490,0,4,0,4,0,
8006,0,5,8,3,0,
419,0,5,0,0,0,
1605,0,2,0,0,0,
2293,0,2,0,0,6,
1085,0,6,0,0,0,
5010,0,3,0,0,0,
1459,0,4,2,0,5,
2038,0,2,0,0,0,
6018,0,80,0,90,94,
2131,0,2,0,0,0,
325,0,7,0,7,0,
1073,0,10,0,13,15,
6273,0,12,0,5,3,
919,0,9,8,0,0,
3721,0,5,13,12,10,
229,0,29,0,0,0,
8517,0,21,0,0,0,
1283,0,23,0,0,3,
1395,0,6,17,5,4,
666,0,5,0,3,0,
2508,0,13,12,0,0,
275,0,4,0,0,0,
1128,0,6,32,2,16,
5685,0,2,0,0,0,
2505,0,10,0,0,0,
1354,0,2,0,0,7,
2700,0,6,0,6,0,
257,0,52,0,0,55,
327,0,22,0,0,0,
4705,0,6,0,4,2,
1123,0,3,0,0,2,
902,0,83,0,80,82,
1027,0,3,2,0,0,
2629,0,9,0,10,0,
4976,0,8,9,11,27,
2025,0,6,0,0,0,
8007,0,12,15,8,5,
2854,0,36,0,0,0,
1205,0,7,6,6,0,
3539,0,3,4,0,0,
58,0,73,3,0,0,
2726,0,10,0,17,0,
2001,0,7,0,0,0,
8635,0,4,15,0,8,
239,0,7,0,0,0,
395,0,7,0,0,9,
1000,0,5,0,4,9,
6346,0,6,0,6,0,
966,0,3,0,0,0,
761,0,6,0,0,0,
987,0,7,2,8,10,
8432,0,12,4,0,4,
6230,0,6,0,0,0,
3555,0,2,0,0,0,
5684,0,3,6,6,0,
7833,0,15,10,0,0,
6569,0,60,0,0,0,
2699,0,9,2,0,0,
8016,0,7,0,24,43,
4121,0,66,0,0,55,
527,0,25,2,0,15,
5683,0,6,5,0,0,
5998,0,6,11,20,29,
52,0,6,0,4,0,
8476,0,61,0,8,10,
4234,0,37,0,0,31,
2497,0,8,0,7,0,
7952,0,5,0,0,0,
3859,0,10,7,2,0,
8040,0,40,0,22,0,
5997,0,15,4,0,0,
626,0,6,0,4,34,
4605,0,5,15,0,5,
3799,0,4,12,0,0,
6537,0,2,0,2,0,
5867,0,13,0,0,4,
3583,0,2,0,0,0,
175,0,2,0,20,10,
6000,0,11,14,6,0,
250,0,5,0,0,2,
711,0,9,7,21,0,
144,0,10,0,0,4,
2495,0,6,0,0,0,
6270,0,3,0,0,0,
8312,0,2,6,0,6,
231,0,8,0,0,25,
5803,0,8,19,0,7,
8577,0,6,0,5,10,
5871,0,2,0,9,4,
6153,0,5,4,0,0,
6870,0,13,6,0,0,
753,0,2,0,0,6,
8437,0,10,0,6,11,
8188,0,6,16,32,15,
1068,0,4,3,0,8,
5949,0,6,26,0,10,
3720,0,7,0,2,0,
2028,0,4,0,5,0,
8788,0,8,0,0,0,
3805,0,7,0,0,0,
8028,0,9,0,3,0,
6131,0,2,0,0,15,
8166,0,8,20,0,0,
2070,0,5,25,9,0,
5779,0,7,3,0,0,
4043,0,7,0,0,0,
642,0,3,0,0,0,
7658,0,7,36,0,0,
456,0,16,8,20,8,
2325,0,6,0,0,0,
8671,0,10,15,0,0,
6201,0,9,21,11,0,
7521,0,5,2,2,0,
1998,0,2,0,0,0,
765,0,2,0,0,0,
8556,0,14,0,36,38,
1809,0,17,11,0,0,
1503,0,6,0,4,0,
185,0,14,14,0,0,
653,0,10,6,0,0,
944,0,7,0,0,0,
669,0,4,0,7,0,
8547,0,5,0,0,0,
8164,0,2,0,0,0,
255,0,68,0,0,0,
6103,0,72,40,56,57,
262,0,7,7,0,0,
1594,0,10,0,15,0,
3797,0,2,8,9,7,
5964,0,4,2,0,0,
6260,0,4,0,0,0,
4538,0,2,0,10,6,
1611,0,2,0,0,0,
6615,0,62,10,15,4,
791,0,4,9,13,16,
3506,0,3,6,7,0,
2031,0,10,13,0,0,
2161,0,11,0,0,0,
2322,0,5,0,0,0,
7400,0,7,4,0,0,
437,0,9,17,1,0,
197,0,4,0,10,10,
5892,0,63,0,8,0,
8301,0,2,7,0,27,
4178,0,2,0,0,0,
4224,0,69,5,0,0,
568,0,3,0,22,28,
6650,0,3,0,0,46,
7977,0,8,0,42,41,
2128,0,2,0,0,0,
5890,0,68,0,58,0,
3788,0,8,18,29,0,
2377,0,4,0,0,0,
8146,0,6,32,0,17,
8296,0,7,0,11,32,
794,0,4,0,0,10,
8327,0,68,72,71,70,
3665,0,5,0,0,0,
1530,0,5,11,0,0,
3738,0,4,2,0,0,
7393,0,5,0,0,0,
3712,0,3,0,8,0,
7657,0,0,1,0,0,
1474,0,0,4,4,6,
7909,0,0,1,0,0,
7584,0,0,4,5,11,
3576,0,0,7,0,7,
2966,0,0,2,0,0,
2880,0,0,4,0,0,
3115,0,0,64,53,10,
7208,0,0,13,0,0,
6038,0,0,3,14,0,
6317,0,0,72,66,0,
2125,0,0,14,0,0,
7012,0,0,5,0,0,
7052,0,0,78,77,79,
7318,0,0,24,16,20,
2032,0,0,2,15,0,
1331,0,0,4,0,4,
7538,0,0,3,0,26,
3376,0,0,7,0,64,
1480,0,0,5,0,64,
6967,0,0,2,9,0,
6381,0,0,11,0,0,
2110,0,0,35,12,12,
8089,0,0,4,0,0,
804,0,0,5,0,0,
8216,0,0,7,0,0,
7002,0,0,6,0,0,
149,0,0,9,7,0,
1538,0,0,3,6,0,
3742,0,0,8,29,37,
2972,0,0,26,23,0,
1660,0,0,72,3,69,
2104,0,0,5,0,0,
3173,0,0,18,29,7,
3377,0,0,36,0,60,
7723,0,0,72,69,34,
4578,0,0,17,0,19,
6889,0,0,15,0,11,
177,0,0,71,1,68,
6426,0,0,62,0,0,
1188,0,0,24,28,0,
6008,0,0,72,3,0,
2596,0,0,19,20,50,
1631,0,0,31,27,29,
8283,0,0,8,0,0,
4318,0,0,10,0,0,
7443,0,0,15,0,0,
6978,0,0,60,54,0,
3378,0,0,70,0,0,
2398,0,0,53,9,0,
7410,0,0,10,0,9,
424,0,0,8,0,2,
7809,0,0,2,0,0,
7868,0,0,72,0,73,
921,0,0,4,0,21,
7853,0,0,8,0,0,
2036,0,0,6,0,5,
5881,0,0,68,10,0,
6132,0,0,11,0,0,
6628,0,0,15,28,2,
7633,0,0,33,0,34,
8603,0,0,4,0,0,
70,0,0,17,52,58,
1887,0,0,3,0,0,
4585,0,0,61,60,15,
8484,0,0,68,33,36,
1216,0,0,8,0,0,
6331,0,0,2,44,0,
6618,0,0,16,0,0,
6839,0,0,3,0,0,
1876,0,0,2,0,0,
6790,0,0,13,37,2,
1311,0,0,55,0,5,
2086,0,0,53,0,0,
3572,0,0,10,0,27,
6316,0,0,71,65,0,
3124,0,0,8,0,0,
5889,0,0,63,0,0,
1146,0,0,7,9,0,
8602,0,0,19,0,5,
3550,0,0,7,0,0,
6312,0,0,15,0,0,
5836,0,0,4,0,0,
1434,0,0,3,29,0,
1874,0,0,4,0,0,
4209,0,0,19,32,0,
6195,0,0,10,0,18,
8654,0,0,24,0,41,
102,0,0,6,19,49,
3084,0,0,6,6,0,
8568,0,0,31,31,11,
628,0,0,5,0,0,
1629,0,0,9,0,0,
3969,0,0,29,0,0,
7498,0,0,41,0,0,
448,0,0,10,0,0,
2055,0,0,4,0,0,
6927,0,0,73,81,76,
3191,0,0,11,0,0,
1208,0,0,20,24,0,
3123,0,0,8,38,23,
757,0,0,13,0,21,
1035,0,0,14,0,6,
3199,0,0,25,10,37,
6327,0,0,23,18,49,
8491,0,0,5,53,0,
1411,0,0,5,23,0,
1420,0,0,6,0,0,
7722,0,0,9,0,0,
8187,0,0,42,0,8,
3642,0,0,4,3,0,
2107,0,0,7,0,0,
6841,0,0,12,2,0,
6266,0,0,2,3,0,
8081,0,0,4,0,0,
167,0,0,12,2,5,
7832,0,0,27,0,28,
8184,0,0,6,4,0,
8522,0,0,29,0,0,
7895,0,0,4,0,0,
76,0,0,2,0,0,
3682,0,0,7,0,0,
3584,0,0,6,0,0,
931,0,0,3,0,0,
3951,0,0,6,0,0,
8307,0,0,7,5,0,
7175,0,0,18,4,0,
2448,0,0,64,54,0,
686,0,0,10,0,0,
8682,0,0,6,0,0,
8154,0,0,13,0,0,
5930,0,0,3,0,0,
6939,0,0,7,0,6,
2949,0,0,44,10,0,
2033,0,0,7,0,0,
3636,0,0,43,9,10,
7170,0,0,29,5,7,
8656,0,0,6,0,0,
480,0,0,11,6,5,
3333,0,0,7,0,8,
729,0,0,6,0,0,
2342,0,0,7,0,0,
7819,0,0,2,0,0,
6570,0,0,51,0,0,
8532,0,0,18,13,10,
3711,0,0,32,3,30,
2452,0,0,7,0,0,
8673,0,0,19,0,0,
596,0,0,3,0,3,
2023,0,0,5,0,0,
2278,0,0,19,0,0,
8373,0,0,38,0,0,
2132,0,0,11,6,0,
6097,0,0,16,0,0,
2150,0,0,46,0,11,
2999,0,0,25,19,18,
7898,0,0,67,29,53,
7705,0,0,70,0,0,
6164,0,0,20,21,5,
7183,0,0,14,0,2,
615,0,0,27,0,12,
4855,0,0,13,3,2,
6998,0,0,31,0,54,
5834,0,0,3,0,0,
1438,0,0,23,8,0,
766,0,0,4,4,0,
3288,0,0,2,0,0,
6692,0,0,2,2,0,
3091,0,0,2,3,4,
7382,0,0,21,23,32,
7101,0,0,13,3,0,
5794,0,0,49,0,0,
1213,0,0,15,0,0,
320,0,0,4,0,2,
6065,0,0,23,0,0,
5833,0,0,5,0,0,
7236,0,0,9,0,0,
7816,0,0,4,3,0,
6536,0,0,7,0,0,
4695,0,0,7,0,0,
1047,0,0,4,0,3,
2034,0,0,2,0,2,
3304,0,0,28,0,29,
957,0,0,16,0,17,
3368,0,0,12,5,0,
1167,0,0,2,0,0,
2653,0,0,34,0,0,
1150,0,0,14,32,33,
2974,0,0,8,0,0,
119,0,0,6,0,0,
6890,0,0,5,0,0,
482,0,0,29,4,0,
3538,0,0,21,0,0,
7622,0,0,6,0,0,
6529,0,0,4,0,0,
8180,0,0,4,0,5,
4525,0,0,12,0,0,
6862,0,0,17,0,12,
1795,0,0,3,0,0,
8153,0,0,10,40,45,
557,0,0,5,7,5,
8003,0,0,8,2,0,
6311,0,0,12,0,0,
1577,0,0,7,0,0,
1827,0,0,10,0,0,
8537,0,0,2,0,0,
8245,0,0,10,12,8,
996,0,0,3,8,12,
1364,0,0,3,0,0,
7606,0,0,3,0,0,
1415,0,0,8,0,0,
7250,0,0,2,0,0,
5873,0,0,5,0,4,
6152,0,0,7,2,2,
6874,0,0,32,47,0,
8214,0,0,8,0,0,
6079,0,0,2,4,0,
882,0,0,14,0,0,
7161,0,0,5,12,0,
602,0,0,13,0,17,
1399,0,0,6,0,0,
8239,0,0,8,0,0,
4270,0,0,5,0,0,
8544,0,0,2,0,0,
1470,0,0,6,0,0,
7182,0,0,3,0,0,
3531,0,0,5,13,0,
7226,0,0,66,7,4,
7110,0,0,59,6,64,
3340,0,0,12,0,0,
6800,0,0,4,14,17,
2939,0,0,53,0,0,
8020,0,0,7,6,12,
5660,0,0,4,3,6,
7847,0,0,5,0,0,
2253,0,0,2,0,0,
946,0,0,6,10,3,
7243,0,0,5,0,0,
3766,0,0,13,0,0,
1954,0,0,91,0,0,
6845,0,0,66,2,0,
3737,0,0,12,0,12,
8243,0,0,7,0,0,
7203,0,0,5,0,0,
6888,0,0,14,3,0,
5677,0,0,3,0,0,
2126,0,0,14,0,0,
4642,0,0,10,3,18,
2938,0,0,14,0,21,
4188,0,0,2,0,0,
6673,0,0,33,0,0,
7317,0,0,5,0,8,
587,0,0,2,0,0,
8412,0,0,5,0,0,
1878,0,0,2,0,0,
5880,0,0,20,0,0,
7288,0,0,12,7,0,
3329,0,0,10,17,10,
5905,0,0,5,4,0,
10106,0,0,6,5,9,
7817,0,0,5,4,0,
3903,0,0,5,0,0,
3319,0,0,12,5,0,
6268,0,0,6,0,0,
2160,0,0,57,0,52,
7098,0,0,6,4,0,
3249,0,0,8,0,6,
7834,0,0,7,19,0,
1632,0,0,4,0,0,
7000,0,0,5,0,0,
892,0,0,15,0,6,
1758,0,0,3,0,0,
549,0,0,10,9,0,
8077,0,0,2,0,11,
6770,0,0,10,4,17,
7155,0,0,8,11,30,
7229,0,0,13,7,3,
7715,0,0,4,0,0,
6737,0,0,3,0,0,
6258,0,0,7,9,0,
89,0,0,3,0,0,
8453,0,0,3,0,0,
8407,0,0,7,0,0,
8171,0,0,5,0,0,
1265,0,0,96,0,0,
4715,0,0,5,0,0,
7781,0,0,8,0,0,
707,0,0,2,0,0,
194,0,0,3,0,0,
7305,0,0,10,2,4,
199,0,0,7,0,0,
42,0,0,53,58,0,
6557,0,0,3,0,0,
2998,0,0,8,0,0,
798,0,0,4,8,0,
2020,0,0,2,15,0,
8221,0,0,2,0,11,
6417,0,0,16,14,8,
3090,0,0,7,47,0,
6873,0,0,6,0,0,
3310,0,0,4,0,0,
6802,0,0,5,0,0,
6114,0,0,2,0,0,
2617,0,0,9,0,0,
1616,0,0,5,0,4,
8109,0,0,66,0,60,
1370,0,0,7,0,0,
5919,0,0,3,0,0,
6375,0,0,6,0,0,
2050,0,0,7,0,0,
783,0,0,5,4,0,
3570,0,0,4,0,8,
6350,0,0,5,0,0,
6319,0,0,49,0,37,
6274,0,0,4,0,0,
2340,0,0,6,0,15,
8677,0,0,6,0,0,
8685,0,0,5,2,54,
7035,0,0,3,0,0,
2054,0,0,8,0,0,
3163,0,0,6,0,13,
670,0,0,6,0,10,
7769,0,0,8,0,0,
7234,0,0,9,0,0,
235,0,0,0,3,0,
7048,0,0,0,2,9,
5170,0,0,0,9,0,
5574,0,0,0,3,0,
5232,0,0,0,4,0,
4063,0,0,0,22,0,
1788,0,0,0,10,24,
1920,0,0,0,5,0,
6733,0,0,0,2,0,
4005,0,0,0,25,0,
3497,0,0,0,6,0,
5526,0,0,0,17,0,
6699,0,0,0,3,0,
1704,0,0,0,4,0,
3362,0,0,0,6,0,
4343,0,0,0,13,0,
112,0,0,0,38,74,
2309,0,0,0,6,0,
4133,0,0,0,13,0,
5118,0,0,0,20,0,
8686,0,0,0,9,11,
6930,0,0,0,5,0,
7771,0,0,0,2,4,
14868,0,0,0,28,0,
3567,0,0,0,8,8,
3360,0,0,0,58,0,
5582,0,0,0,64,0,
6739,0,0,0,26,0,
11,0,0,0,26,0,
8317,0,0,0,29,0,
1306,0,0,0,6,0,
335,0,0,0,18,19,
7115,0,0,0,5,0,
3483,0,0,0,2,0,
8292,0,0,0,12,0,
2066,0,0,0,62,0,
3586,0,0,0,69,0,
7195,0,0,0,2,0,
6820,0,0,0,2,0,
6961,0,0,0,36,0,
12,0,0,0,16,8,
762,0,0,0,3,4,
2996,0,0,0,15,0,
6384,0,0,0,2,0,
283,0,0,0,13,0,
6361,0,0,0,66,61,
6081,0,0,0,53,36,
7956,0,0,0,18,0,
1209,0,0,0,2,0,
3657,0,0,0,38,50,
6663,0,0,0,5,40,
8008,0,0,0,11,0,
1303,0,0,0,38,54,
5599,0,0,0,2,0,
6534,0,0,0,13,16,
6771,0,0,0,25,5,
803,0,0,0,8,0,
4713,0,0,0,17,16,
1341,0,0,0,18,18,
7512,0,0,0,4,0,
5079,0,0,0,56,68,
7097,0,0,0,52,0,
5665,0,0,0,3,24,
4170,0,0,0,7,0,
7804,0,0,0,16,0,
5534,0,0,0,5,0,
1763,0,0,0,2,0,
4457,0,0,0,91,15,
5108,0,0,0,10,0,
5309,0,0,0,8,0,
5378,0,0,0,2,0,
4161,0,0,0,3,0,
6707,0,0,0,62,5,
5895,0,0,0,73,7,
7920,0,0,0,24,0,
5615,0,0,0,58,63,
730,0,0,0,3,0,
8658,0,0,0,50,53,
3116,0,0,0,4,11,
2400,0,0,0,50,0,
8095,0,0,0,21,2,
831,0,0,0,2,0,
1964,0,0,0,21,6,
3560,0,0,0,31,8,
7297,0,0,0,5,0,
7651,0,0,0,19,0,
179,0,0,0,5,3,
995,0,0,0,2,0,
3364,0,0,0,48,0,
1635,0,0,0,23,0,
6727,0,0,0,5,0,
5053,0,0,0,34,2,
6343,0,0,0,4,0,
8649,0,0,0,4,0,
4693,0,0,0,3,0,
8139,0,0,0,5,0,
66,0,0,0,23,0,
2953,0,0,0,9,0,
5278,0,0,0,6,0,
4983,0,0,0,17,5,
3334,0,0,0,10,0,
3728,0,0,0,18,0,
7621,0,0,0,22,0,
7154,0,0,0,12,0,
6679,0,0,0,4,6,
204,0,0,0,2,0,
3558,0,0,0,41,0,
8162,0,0,0,18,47,
8093,0,0,0,19,0,
8304,0,0,0,2,0,
808,0,0,0,3,0,
5203,0,0,0,8,0,
3126,0,0,0,62,0,
172,0,0,0,3,0,
6906,0,0,0,39,0,
6388,0,0,0,11,14,
134,0,0,0,15,9,
5864,0,0,0,2,0,
5215,0,0,0,13,0,
3543,0,0,0,15,0,
6609,0,0,0,50,0,
7133,0,0,0,18,4,
2114,0,0,0,4,0,
3170,0,0,0,10,0,
6033,0,0,0,61,76,
965,0,0,0,11,0,
3168,0,0,0,21,3,
5527,0,0,0,8,0,
368,0,0,0,17,0,
7476,0,0,0,3,0,
3726,0,0,0,24,13,
691,0,0,0,14,0,
8085,0,0,0,8,10,
5229,0,0,0,7,0,
7194,0,0,0,27,0,
12270,0,0,0,2,0,
8597,0,0,0,26,0,
2109,0,0,0,15,5,
8672,0,0,0,6,0,
1029,0,0,0,2,2,
2976,0,0,0,51,0,
5160,0,0,0,12,21,
6788,0,0,0,2,7,
2026,0,0,0,2,2,
8310,0,0,0,34,0,
5064,0,0,0,48,59,
6694,0,0,0,3,0,
3482,0,0,0,15,0,
6666,0,0,0,3,0,
8087,0,0,0,27,0,
7965,0,0,0,10,0,
3296,0,0,0,9,4,
1619,0,0,0,26,17,
7019,0,0,0,17,0,
5312,0,0,0,2,4,
3402,0,0,0,4,0,
8354,0,0,0,4,0,
6844,0,0,0,50,28,
8535,0,0,0,8,0,
4799,0,0,0,6,4,
5208,0,0,0,13,7,
8011,0,0,0,4,0,
6616,0,0,0,2,0,
6836,0,0,0,29,48,
6034,0,0,0,17,4,
758,0,0,0,5,0,
2280,0,0,0,2,0,
1702,0,0,0,3,0,
5336,0,0,0,21,0,
584,0,0,0,2,8,
5539,0,0,0,4,6,
4157,0,0,0,24,0,
1700,0,0,0,6,0,
1070,0,0,0,2,2,
5999,0,0,0,3,10,
6789,0,0,0,11,0,
1287,0,0,0,5,0,
5661,0,0,0,5,0,
3717,0,0,0,5,5,
7308,0,0,0,7,0,
591,0,0,0,3,2,
8060,0,0,0,35,0,
8169,0,0,0,5,0,
1798,0,0,0,7,0,
3494,0,0,0,2,0,
6211,0,0,0,9,12,
3603,0,0,0,58,48,
3814,0,0,0,5,6,
4982,0,0,0,6,16,
228,0,0,0,5,8,
5315,0,0,0,5,21,
7754,0,0,0,12,7,
2188,0,0,0,56,0,
7147,0,0,0,12,19,
6579,0,0,0,2,0,
8168,0,0,0,3,0,
1703,0,0,0,2,0,
1152,0,0,0,12,14,
4307,0,0,0,13,0,
6539,0,0,0,2,0,
2734,0,0,0,82,0,
1596,0,0,0,7,0,
4231,0,0,0,12,0,
4357,0,0,0,3,0,
7464,0,0,0,2,0,
3551,0,0,0,7,0,
6677,0,0,0,3,0,
2003,0,0,0,6,0,
1784,0,0,0,5,0,
1165,0,0,0,6,0,
1849,0,0,0,8,8,
2027,0,0,0,8,0,
5702,0,0,0,5,0,
3330,0,0,0,3,11,
4901,0,0,0,2,0,
705,0,0,0,5,9,
1584,0,0,0,15,6,
827,0,0,0,4,0,
5126,0,0,0,12,13,
3,0,0,0,6,0,
822,0,0,0,6,0,
4643,0,0,0,3,0,
352,0,0,0,8,0,
2821,0,0,0,6,0,
6576,0,0,0,8,0,
1695,0,0,0,8,0,
1614,0,0,0,6,0,
4006,0,0,0,3,0,
7791,0,0,0,3,0,
3669,0,0,0,3,0,
1484,0,0,0,9,0,
5609,0,0,0,55,0,
1430,0,0,0,2,0,
4547,0,0,0,54,4,
5307,0,0,0,51,5,
6611,0,0,0,13,0,
5165,0,0,0,2,2,
796,0,0,0,6,6,
6407,0,0,0,19,7,
5815,0,0,0,8,12,
1846,0,0,0,4,0,
3243,0,0,0,12,0,
5138,0,0,0,4,0,
1963,0,0,0,2,0,
5586,0,0,0,7,0,
7429,0,0,0,57,0,
8165,0,0,0,7,3,
8213,0,0,0,7,0,
5508,0,0,0,2,0,
920,0,0,0,6,0,
8813,0,0,0,12,0,
5951,0,0,0,2,0,
1586,0,0,0,2,0,
7772,0,0,0,2,0,
2330,0,0,0,69,0,
7323,0,0,0,2,0,
6848,0,0,0,5,0,
7632,0,0,0,4,0,
7963,0,0,0,3,5,
5556,0,0,0,4,0,
3214,0,0,0,65,71,
2346,0,0,0,3,0,
6711,0,0,0,2,0,
3601,0,0,0,2,0,
4877,0,0,0,2,0,
1575,0,0,0,5,4,
7904,0,0,0,3,1,
1574,0,0,0,0,1,
6001,0,0,0,0,3,
8435,0,0,0,0,5,
1587,0,0,0,0,2,
1697,0,0,0,0,3,
1580,0,0,0,0,5,
712,0,0,0,0,9,
802,0,0,0,0,8,
6817,0,0,0,0,3,
285,0,0,0,0,2,
6735,0,0,0,0,3,
6113,0,0,0,0,2,
8446,0,0,0,0,2,
7096,0,0,0,0,3,
3350,0,0,0,0,21,
4557,0,0,0,0,34,
5532,0,0,0,0,72,
7821,0,0,0,0,38,
5601,0,0,0,0,11,
6850,0,0,0,0,18,
8543,0,0,0,0,41,
6746,0,0,0,0,45,
8044,0,0,0,0,9,
8722,0,0,0,0,52,
5842,0,0,0,0,21,
4549,0,0,0,0,28,
2975,0,0,0,0,41,
6861,0,0,0,0,10,
5314,0,0,0,0,14,
7823,0,0,0,0,64,
806,0,0,0,0,3,
7691,0,0,0,0,3,
7708,0,0,0,0,3,
265,0,0,0,0,66,
6649,0,0,0,0,52,
7509,0,0,0,0,6,
2374,0,0,0,0,56,
6296,0,0,0,0,7,
1013,0,0,0,0,11,
7034,0,0,0,0,51,
8063,0,0,0,0,44,
5625,0,0,0,0,34,
7445,0,0,0,0,4,
8086,0,0,0,0,3,
3861,0,0,0,0,15,
343,0,0,0,0,11,
5689,0,0,0,0,3,
7399,0,0,0,0,49,
6005,0,0,0,0,18,
1190,0,0,0,0,13,
7262,0,0,0,0,4,
3167,0,0,0,0,57,
4879,0,0,0,0,27,
6194,0,0,0,0,59,
6447,0,0,0,0,12,
1164,0,0,0,0,13,
4913,0,0,0,0,9,
1431,0,0,0,0,21,
5296,0,0,0,0,9,
7102,0,0,0,0,10,
8479,0,0,0,0,6,
1277,0,0,0,0,9,
7264,0,0,0,0,5,
4821,0,0,0,0,2,
403,0,0,0,0,3,
7309,0,0,0,0,3,
2043,0,0,0,0,3,
6956,0,0,0,0,6,
2338,0,0,0,0,7,
8406,0,0,0,0,2,
3571,0,0,0,0,4,
164,0,0,0,0,4,
4251,0,0,0,0,12,
7686,0,0,0,0,6,
6369,0,0,0,0,17,
949,0,0,0,0,7,
1142,0,0,0,0,2,
5749,0,0,0,0,5,
6353,0,0,0,0,4,
8209,0,0,0,0,2,
823,0,0,0,0,4,
8820,0,0,0,0,4,
5549,0,0,0,0,10,
3647,0,0,0,0,2,
4546,0,0,0,0,4,
6373,0,0,0,0,46,
8078,0,0,0,0,3,
7132,0,0,0,0,24,
1906,0,0,0,0,2,
7481,0,0,0,0,23,
2905,0,0,0,0,8,
2350,0,0,0,0,14,
5158,0,0,0,0,10,
7088,0,0,0,0,3,
2627,0,0,0,0,5,
165,0,0,0,0,7,
7585,0,0,0,0,2,
7006,0,0,0,0,3,
4280,0,0,0,0,14,
752,0,0,0,0,2,
5376,0,0,0,0,2,
13271,0,0,0,0,44,
7022,0,0,0,0,33,
1898,0,0,0,0,6,
1223,0,0,0,0,4,
2255,0,0,0,0,5,
2127,0,0,0,0,5,
1220,0,0,0,0,7,
5792,0,0,0,0,50,
2257,0,0,0,0,6,
1207,0,0,0,0,6,
651,0,0,0,0,8,
7159,0,0,0,0,9,
5476,0,0,0,0,6,
4905,0,0,0,0,38,
6264,0,0,0,0,2,
1304,0,0,0,0,3,
8766,0,0,0,0,57,
4701,0,0,0,0,5,
4641,0,0,0,0,5,
4860,0,0,0,0,5,
4981,0,0,0,0,6,
6265,0,0,0,0,8,
2984,0,0,0,0,2,
4869,0,0,0,0,19,
3907,0,0,0,0,5,
7982,0,0,0,0,5,
3667,0,0,0,0,6,
173,0,0,0,0,6,
945,0,0,0,0,5,
4536,0,0,0,0,38,
6,0,0,0,0,1,
1828,0,0,0,0,6,
8009,0,0,0,0,6,
998,0,0,0,0,6,
1951,0,0,0,0,3,
1781,0,0,0,0,7,
8684,0,0,0,0,3,
7801,0,0,0,0,3,
7024,0,0,0,0,47,
3140,0,0,0,0,39,
4961,0,0,0,0,31,
1282,0,0,0,0,6,
1381,0,0,0,0,7,
8334,0,0,0,0,7,
7119,0,0,0,0,2,
1932,0,0,0,0,5,
1059,0,0,0,0,2,
372,0,0,0,0,11,
1078,0,0,0,0,2,
7322,0,0,0,0,4,
7389,0,0,0,0,3,
589,0,0,0,0,7,
237,0,0,0,0,66,
1221,0,0,0,0,5,
4147,0,0,0,0,4,
2294,0,0,0,0,3,
7714,0,0,0,0,28,
3670,0,0,0,0,9,
8326,0,0,0,0,61,
6025,0,0,0,0,63,
7876,0,0,0,0,6,
6682,0,0,0,0,58,
8585,0,0,0,0,5,
2468,0,0,0,0,5,
6455,0,0,0,0,66,
5223,0,0,0,0,16,
1465,0,0,0,0,5,
5708,0,0,0,0,8,
306,0,0,0,0,3,
6736,0,0,0,0,6,
