linkId,maxDist,medianDist,maxSimDist,medianSimDist,sumCostOfTrees,sumOfOwnCost,upTo90Count,upTo100Count
51,1038,563,3606,2157,20359,1920,5,10
4625,1038,720,3124,2150,17960,0,5,12
50,1038,720,3271,1800,17960,0,5,12
49,1054,720,2493,1600,21198,0,5,12
5257,640,475,2789,2060,9864,0,4,6
1402,717,475,2601,1120,6848,377,5,7
1403,790,618,2530,2010,4001,1778,4,8
2682,0,0,0,0,64,0,1,1
3127,0,0,0,0,64,0,1,1
3126,0,0,0,0,64,0,1,1
2707,0,0,0,0,64,0,1,1
2706,0,0,0,0,64,0,1,1
2676,0,0,0,0,64,0,1,1
2618,0,0,0,0,102,0,1,1
93,0,0,0,0,102,0,1,1
1400,68,68,2389,2389,420,0,2,2
1682,68,68,1229,1229,420,0,2,2
79,68,68,2297,2219,3409,177,2,3
78,125,57,2639,2064,2660,1453,3,4
77,1535,862,3546,2883,22844,647,10,15
76,972,487,3405,2139,15954,0,9,12
75,503,307,3382,2108,142,0,6,7
1396,503,307,3076,1780,142,0,6,7
74,246,246,3241,3241,71,0,2,2
1847,246,246,3008,3008,71,0,2,2
1397,356,74,2415,2170,1092,190,3,3
1398,734,236,3247,1930,2792,368,5,9
82,1075,553,3351,2045,6117,1133,6,12
81,579,241,2160,1474,3227,1172,4,6
2521,656,415,3469,2129,2608,455,6,8
987,799,467,2267,1730,3554,0,7,10
986,1014,799,3703,1893,6111,871,11,19
985,711,502,3059,1678,2080,27,5,6
2805,437,233,2336,1562,2518,118,7,9
2804,395,198,1982,1407,1359,444,5,6
2520,367,234,2800,2078,2711,1268,7,10
4117,609,234,3094,1951,4030,0,11,14
868,915,455,2600,1695,7334,0,14,21
867,915,455,1131,644,7918,1498,14,22
3280,527,492,3695,1867,6106,0,6,10
873,511,395,3607,1651,6156,0,5,8
1600,602,329,3492,2706,12341,5827,5,10
2561,663,388,2568,1721,12417,4022,5,13
2559,609,609,1016,1016,381,0,2,2
1630,0,0,0,0,308,0,1,1
4861,979,708,3311,1778,14573,0,5,17
1248,979,612,3252,2056,14247,0,5,16
1247,979,515,1807,1261,13741,20,3,9
1246,708,415,3622,2776,14942,4326,3,11
3050,658,398,2832,2181,13815,0,2,13
1233,953,419,3518,1775,6150,503,6,9
1232,515,468,2855,2260,4394,0,2,3
1231,515,468,1600,893,4394,0,2,3
1230,515,468,1385,666,4394,0,2,3
1127,988,869,2664,1680,8321,2488,5,11
2778,715,206,2807,1353,4422,0,2,4
2777,785,375,2830,1795,5491,1232,4,6
352,1196,597,2548,1760,12885,3889,4,9
4841,1196,597,3149,2082,8894,0,6,10
380,1196,501,2880,2074,6998,1962,6,9
2775,785,375,2636,2029,4024,645,3,6
2776,768,253,2739,1988,5491,1143,4,5
2569,612,515,3590,1980,9329,1964,2,8
2568,609,436,1925,910,717,202,4,5
2588,609,436,2872,849,422,0,4,4
4898,697,484,2103,1629,8790,0,12,20
4897,697,484,3519,2043,8693,0,12,21
4896,697,484,2777,2256,8693,0,12,21
200,673,515,2261,1537,6757,0,14,20
199,981,609,2186,1353,7272,0,18,25
1014,579,456,3133,1839,785,0,3,4
3367,579,297,2022,1279,2981,0,3,6
988,579,297,3166,2361,3483,842,4,7
84,734,409,3692,1772,5536,0,6,9
1082,734,255,3304,1802,6815,355,7,10
1631,0,0,0,0,308,0,1,1
98,579,253,3029,1693,8169,4764,4,8
91,579,241,3380,1461,630,0,3,4
97,579,313,3479,2534,8297,1346,5,8
4487,1333,691,2983,1755,8807,0,9,17
3424,1333,691,3464,2125,7818,0,8,14
2551,1333,691,3205,2636,6759,352,9,16
150,586,321,2234,1499,4464,1227,7,10
4733,174,116,1479,376,1519,0,3,3
4579,174,116,1841,520,1519,0,3,3
5396,174,116,2449,1568,1519,0,3,3
3119,174,116,2473,1486,1519,0,3,3
171,873,615,2909,1476,18337,3679,2,8
170,692,448,3524,1912,24828,4360,3,5
156,451,234,2331,1573,16089,0,3,8
155,835,460,2577,1879,16678,2840,4,10
1287,835,505,2442,1884,2693,490,5,6
2295,835,396,4382,3040,6640,0,2,6
1928,0,0,0,0,74,0,1,1
2956,0,0,0,0,74,0,1,1
2978,890,350,2839,1691,2559,344,6,8
1305,803,129,3229,1410,492,0,3,4
1785,1153,986,3007,1718,4205,0,6,11
4789,1273,818,2364,1215,4386,0,6,9
4788,835,204,4130,2058,1716,0,4,6
2293,835,296,3123,1546,6375,0,2,7
2823,835,357,2984,2155,16175,5900,4,9
1905,329,146,3408,1333,4979,2133,2,6
1404,265,172,2150,2057,7471,1355,4,8
1405,265,172,2672,1714,8172,1166,4,8
1890,680,350,2088,1629,7630,604,12,20
1909,340,283,2995,2334,3067,594,2,5
3358,169,142,1260,1255,2390,0,1,3
3357,348,214,3564,2002,2821,0,3,8
3356,348,169,3120,1794,588,0,4,6
952,169,169,1062,1062,79,0,2,2
4726,657,450,3729,1919,8803,0,5,10
398,885,450,3060,1638,10987,4112,8,16
2306,385,282,2519,1505,7494,1388,1,4
360,786,542,3491,2243,7520,0,9,15
359,786,542,3485,2168,6708,0,9,15
2305,713,350,3678,2051,6710,3626,2,6
1406,885,473,3311,2398,7708,486,9,13
1518,542,283,1934,932,1291,0,3,4
1906,169,169,2310,2310,79,0,2,2
4725,852,381,3333,2191,8631,0,5,16
179,852,393,3369,2198,7900,3331,5,17
178,701,504,2147,1341,5862,0,4,11
175,1087,674,2861,1583,7706,1,7,18
559,779,643,2715,1881,22058,6782,3,10
186,988,384,2706,1695,22461,6094,4,10
185,988,384,3372,1771,22906,10733,4,11
1137,988,384,2073,1541,1601,0,2,5
1138,988,384,2856,1417,1601,0,2,5
2465,795,587,2834,1769,8691,1175,9,14
2614,888,469,3530,2049,8205,4,9,15
2613,654,303,3218,1975,4598,1504,3,7
2494,826,398,3779,1980,6376,0,7,11
2493,826,349,2693,1755,6662,25,7,12
4783,110,110,2229,2229,1438,0,2,2
4782,394,182,2339,1725,3321,0,6,8
4781,394,182,2754,1997,3321,0,6,8
4780,183,135,3581,2056,2766,0,5,7
2059,453,222,3504,2810,11299,8276,2,6
793,286,178,2031,1342,4681,0,3,3
792,504,178,2517,1644,5649,0,3,8
2612,552,207,2385,1520,3130,895,5,10
2407,0,0,0,0,247,0,1,1
4021,286,86,3616,1920,1541,0,4,5
3293,286,86,3294,2202,1541,0,4,5
1667,204,60,2739,436,1473,0,4,4
1666,204,110,2997,2299,2416,362,3,5
4802,654,301,3004,1905,4823,0,4,9
4801,654,286,3016,2376,6938,0,5,11
258,654,294,3637,2795,4343,0,4,7
2481,918,709,4131,2688,7773,2626,7,14
2611,534,291,3070,2394,7169,1402,3,8
3015,722,526,3038,1929,6479,0,6,12
1496,722,403,2852,1930,5164,1478,5,10
3016,534,286,2301,1247,6010,0,3,6
462,0,0,0,0,173,0,1,1
673,1148,504,2529,1382,10978,4676,4,7
672,434,175,1782,1006,7574,849,3,5
4534,791,388,3125,2339,6799,0,5,9
4545,434,175,3455,2110,4725,0,4,5
671,1148,572,2864,1935,8353,2007,7,12
4544,1077,513,3416,2169,8195,0,7,12
4543,1582,791,3229,2062,9762,0,11,16
3115,1582,791,3792,2362,6770,0,8,14
3114,1328,649,2907,1617,2196,0,5,8
1860,899,476,1633,549,3462,1341,2,5
1104,899,464,2344,1386,3527,0,2,4
1103,1093,916,2460,1110,621,0,2,3
409,933,646,1188,847,10500,0,1,6
4873,1093,768,3261,2204,10260,0,2,7
558,908,851,2863,2001,2197,313,2,3
557,1506,441,3985,2460,4459,0,7,10
4793,908,359,2345,1679,971,0,5,5
4792,908,432,2766,2577,395,0,3,3
1174,0,0,0,0,207,0,1,1
2489,1506,603,2630,2076,11069,6695,2,9
4777,1506,474,2286,1597,13634,0,1,7
2488,1506,635,3652,1691,11562,3282,2,9
4540,0,0,0,0,207,0,1,1
4539,933,933,1228,1228,442,0,2,2
4538,933,933,847,847,442,0,2,2
2415,933,933,499,499,442,0,2,2
2393,933,142,3783,2249,10165,4328,1,4
3364,1093,768,3673,2331,10376,0,2,6
1087,1093,608,3029,2063,10572,5813,2,8
3362,1093,608,3873,2566,2601,0,6,8
1170,1093,598,1995,1317,4168,2312,6,9
1169,1132,608,1754,1508,5130,277,5,7
3291,1163,612,3101,1925,2361,0,8,10
4421,1163,612,2745,1272,2361,0,8,10
2657,1507,631,3576,2326,2816,544,3,8
1382,1263,1263,1512,1512,339,0,1,2
1381,1263,1263,1355,1355,339,0,1,2
1377,1497,1210,2740,2278,1680,519,5,8
1376,1497,1010,3064,1943,2195,483,1,5
2655,1417,436,3035,1745,3002,469,7,10
351,1417,1210,2966,1766,2209,361,6,9
2763,1421,1210,2998,2255,1355,61,4,6
2762,1506,413,2646,1799,1059,215,4,5
2656,1263,1010,3133,1885,3414,1235,2,5
3363,1093,608,3730,1659,917,0,4,6
1086,1093,462,2506,1771,3368,1147,4,6
1617,1093,608,2794,1789,446,0,3,4
4819,1093,642,3297,1216,4022,0,2,4
660,1093,398,2937,2087,5743,1701,3,8
4711,1303,721,2652,1507,10085,0,10,13
4546,1148,615,3362,2086,6985,0,10,15
2332,1148,614,3007,2013,5059,780,8,16
725,284,179,2267,1456,580,0,3,5
724,179,179,2854,2854,1127,0,2,2
4624,1582,817,2769,1680,9172,0,9,15
2191,1582,817,3344,2064,9172,0,9,15
4816,1207,515,3399,1315,7486,0,8,12
2411,1207,608,2711,1845,4429,0,4,6
1445,271,139,3112,1432,1385,792,2,5
384,509,208,2498,1587,3685,0,8,13
1446,509,208,3760,2022,4703,232,11,19
3136,321,145,3801,2884,4196,0,10,19
1447,321,159,2954,2138,3532,1301,10,17
387,578,214,2832,1837,4104,1644,6,11
3137,216,104,2072,1203,2490,0,6,9
386,286,117,2485,1578,2805,0,7,12
385,186,55,2666,1448,358,0,3,3
382,373,175,2794,2196,773,57,4,6
3135,186,186,3327,3327,215,0,2,2
2552,321,155,1716,930,1153,162,3,5
5409,321,181,3186,1883,3268,0,9,13
4133,473,256,2973,1791,4508,0,12,16
2671,609,405,3881,1947,5536,1188,13,19
2413,215,162,2111,1692,658,0,3,3
1272,1303,566,3576,2994,10068,2515,10,16
2189,1303,577,2747,1818,8955,418,11,18
2188,1303,565,3121,2144,10565,1964,9,16
2187,1303,516,2888,1884,8186,0,10,15
2186,803,396,2942,1161,7114,1592,11,19
2185,774,381,4265,2174,3682,105,14,16
2482,1303,577,3202,1861,8732,1298,7,14
4837,1106,416,3258,2026,10803,0,10,14
412,1303,572,3405,2366,14634,7552,9,17
2444,215,215,2131,2131,894,0,2,2
552,678,475,2256,1659,17044,1771,4,7
2368,149,149,2844,2844,1865,0,2,2
4878,1073,846,2534,1820,26748,0,5,11
4877,1137,846,3087,1943,22172,0,11,21
2967,1137,788,2218,1155,29171,3006,10,20
2966,1137,788,3144,2222,13080,730,11,16
4876,1227,874,3254,1820,25084,0,10,18
766,1299,880,1751,1241,25536,2213,15,24
1257,0,0,0,0,135,0,1,1
1256,0,0,0,0,135,0,1,1
1179,0,0,0,0,135,0,1,1
1177,0,0,0,0,135,0,1,1
1176,0,0,0,0,135,0,1,1
1178,0,0,0,0,135,0,1,1
1646,0,0,0,0,135,0,1,1
2835,0,0,0,0,123,0,1,1
1720,0,0,0,0,123,0,1,1
2834,0,0,0,0,123,0,1,1
2831,283,196,2450,2195,1979,934,1,3
1524,466,292,3108,2066,3547,835,7,10
1525,447,264,3829,2724,4069,391,8,11
1933,302,283,2966,2375,4252,0,2,5
124,810,556,2793,1791,10442,902,8,13
123,810,385,2608,1650,6564,1938,6,11
2711,0,0,0,0,123,0,1,1
2710,0,0,0,0,123,0,1,1
1932,503,283,2739,2152,6496,0,3,10
896,655,292,2548,1381,8402,4597,4,11
895,390,256,3161,2018,4160,1097,4,8
570,303,226,2199,1271,1004,0,4,6
885,302,283,1915,1857,4696,1755,1,4
2383,0,0,0,0,123,0,1,1
2384,0,0,0,0,123,0,1,1
1654,0,0,0,0,123,0,1,1
1653,570,570,1246,1246,542,0,1,2
1778,0,0,0,0,523,0,1,1
1040,62,62,1427,1427,2292,0,2,2
1039,62,62,1136,1136,2292,0,2,2
1046,170,62,2851,2017,5546,335,3,3
1045,434,254,4327,1837,16283,7453,3,6
1044,434,265,2751,2223,18170,9481,4,7
1279,470,237,3290,1917,2226,148,4,5
3972,561,311,3189,2237,4333,0,5,9
1167,458,285,3425,1757,4867,2032,13,17
1704,858,415,3218,1824,3485,505,9,12
1705,609,413,2846,1205,7788,1854,2,10
100,918,517,3327,2342,9308,3108,3,13
1020,853,375,2832,1874,3695,718,7,10
1015,602,375,3247,1774,2685,370,5,7
4573,791,432,3107,2153,8164,0,4,13
1618,647,454,3228,2259,8284,3957,3,13
1009,840,356,3283,1939,5640,175,8,11
499,648,470,3199,1678,6207,57,9,13
1108,1273,758,2635,1682,4326,398,6,11
4574,718,420,2429,1746,3003,0,5,8
2757,368,86,3769,1256,1175,392,2,3
2756,413,198,2995,1340,3878,463,5,6
1416,0,0,0,0,614,249,1,1
222,67,67,2287,2287,828,167,2,2
5335,67,67,1344,1344,828,0,2,2
213,96,33,2795,1931,2114,45,3,3
1553,0,0,0,0,444,0,1,1
1552,113,113,2300,2300,761,447,2,2
975,191,54,1681,1047,580,0,3,3
263,54,54,988,988,265,0,2,2
260,614,467,3314,1664,2371,61,6,10
726,504,274,3331,2847,2611,522,7,10
773,345,203,3259,1309,1473,0,5,6
772,345,203,3498,1659,1473,0,5,6
771,345,203,2211,1473,1473,0,5,6
770,345,203,2870,1736,1473,8,5,6
1423,54,54,2641,2641,265,0,2,2
2196,345,191,1825,1366,1185,0,5,8
2195,284,179,3424,1890,226,0,5,6
1543,284,179,2525,1765,226,0,5,6
2194,453,279,3262,1261,11134,3008,2,5
3055,264,179,2957,1660,1170,0,5,6
2054,504,362,3779,2802,9523,2824,4,8
383,286,117,3459,2046,2479,1,8,12
930,238,117,2400,1939,3214,486,5,10
126,390,256,2502,1456,2984,1235,2,6
125,79,78,2471,1603,2282,880,2,3
1522,779,556,3060,1727,7199,624,9,13
797,659,235,3961,2771,9268,1792,4,8
791,75,75,1289,1289,235,0,2,2
628,732,436,3422,1216,5393,0,4,7
627,732,243,4507,2408,5650,45,6,9
1987,1187,648,3019,2013,8024,1289,6,12
1986,836,581,1948,956,4312,0,4,6
1985,732,581,3208,1881,971,0,4,5
1984,974,648,3127,1865,1408,0,6,8
2302,1168,535,3002,1978,3037,0,5,9
4020,1323,573,3445,2547,533,0,6,6
4019,1323,573,3709,1701,533,0,6,6
1983,1323,573,3839,2025,945,232,6,7
4834,368,325,2777,1474,1418,0,3,5
3266,368,325,3085,1175,4785,0,2,6
723,368,325,2714,2082,4931,862,2,7
798,289,235,3091,2370,1382,472,3,4
1779,75,75,2083,2083,76,0,2,2
1980,711,292,2445,1409,586,31,3,4
1979,85,85,87,87,5879,2310,1,2
1978,85,85,2124,2124,5879,1949,1,2
4883,416,85,3945,3618,4892,0,1,3
4882,828,421,3358,2288,9751,0,3,7
1271,828,421,2546,1744,9751,3631,3,7
916,828,400,1230,762,337,0,3,4
1270,828,421,2853,1227,7846,1639,3,7
1916,370,248,4444,3624,7277,5580,2,4
1915,673,316,3573,2401,35725,3291,3,6
2389,0,0,0,0,89,0,1,1
1651,266,58,2173,1295,600,0,3,3
1914,266,184,2202,1892,28444,0,2,5
1913,731,667,3059,2093,39215,1,3,9
58,688,481,3090,1886,19457,3268,6,10
2170,549,353,2667,1960,27847,17,2,9
2388,0,0,0,0,89,0,1,1
2385,266,266,1419,1419,130,0,2,2
2860,370,248,3726,2845,14231,4106,3,5
1907,0,0,0,0,79,0,1,1
167,852,417,3790,2182,7809,996,8,16
151,654,506,3693,1548,6933,3158,7,14
1414,1196,557,3239,1995,9140,2689,10,17
2125,1535,1119,3563,2064,30667,2511,11,15
2124,1078,275,2778,1620,6753,0,5,8
5315,307,125,3421,954,433,0,3,3
271,972,482,2619,1512,14563,0,7,9
1807,972,466,2741,1498,13640,551,8,12
1930,550,274,2731,1663,9602,4300,4,9
5042,653,427,3375,2855,10464,0,6,12
2029,1262,891,3371,2021,12785,2753,10,18
3268,405,272,3544,2099,4261,0,4,7
1,1047,752,3185,1955,8164,893,11,18
2341,979,746,2951,2019,9014,1617,10,21
769,268,85,1763,615,1149,0,3,3
768,268,85,1658,1647,1149,0,3,3
1819,196,196,1869,1869,957,0,2,2
1818,997,572,3363,2172,6173,0,10,13
381,233,141,3041,1197,706,0,4,4
1835,795,517,3572,2264,11108,0,10,15
2304,461,243,1965,1446,1440,0,2,4
2303,461,243,2612,1509,1440,0,2,4
1982,917,309,1751,1399,1717,0,3,5
1981,917,309,2791,2533,2566,0,4,7
4018,819,563,3089,1753,971,0,4,5
658,417,83,1617,1272,667,0,2,3
657,985,714,2658,2237,2777,809,3,7
656,819,563,3767,1622,304,0,3,4
2345,0,0,0,0,89,0,1,1
2344,0,0,0,0,89,0,1,1
1800,1733,561,3384,2107,3588,256,10,18
2610,200,81,1840,959,167,0,2,3
1035,233,127,2923,1910,301,0,3,4
2872,775,510,3028,2063,1133,0,4,6
1032,791,510,3163,1604,991,359,6,8
1031,206,146,3154,2669,502,328,4,4
1033,233,127,2052,960,301,0,3,4
4106,81,81,3560,3560,241,0,2,2
4491,346,87,1619,1297,544,0,4,4
4636,578,345,4034,2352,1717,0,8,10
2283,493,276,2870,1724,3841,316,2,9
4933,741,501,2939,1603,4192,0,3,11
4492,741,501,2845,1783,4192,0,3,11
2650,271,82,1229,598,3102,0,1,4
4635,271,82,3108,1253,3011,0,1,4
861,656,480,2676,1833,3675,2792,4,10
2609,200,81,2081,1346,167,0,2,3
1036,151,111,2605,1068,324,0,2,3
1723,366,195,2323,1509,854,0,3,5
1722,312,206,2197,1546,538,219,3,4
2608,81,81,1727,1727,176,0,2,2
1043,743,474,3900,2124,11991,746,4,10
1049,434,265,2609,2015,9386,0,3,7
4824,877,653,2955,2056,9303,0,8,17
4823,877,446,2661,1937,7806,0,4,12
4822,540,351,2336,1762,3991,0,3,7
1098,1189,768,2800,1996,4843,0,5,11
1165,0,0,0,0,3196,1633,1,1
1164,766,599,3158,2711,19243,8952,6,9
1163,972,478,3753,1940,11223,2585,7,10
1162,975,755,3174,2296,21389,5700,12,17
4894,942,526,2974,1485,3641,0,4,10
781,1031,566,2790,2047,4374,0,5,12
375,1031,717,3834,2510,7312,4787,3,7
780,942,526,3040,1654,5791,0,5,10
2057,222,120,2062,431,9807,0,1,3
2056,222,120,3497,2066,9807,0,1,3
2055,175,81,1814,1195,8373,0,3,4
2386,0,0,0,0,130,0,1,1
1652,0,0,0,0,130,0,1,1
2123,1078,418,3507,2564,4383,825,5,8
2985,889,478,2841,2182,6650,0,7,12
2589,1411,1041,3064,2128,5152,1088,7,11
4026,850,479,2801,1638,2382,0,8,9
4025,850,524,2589,2064,1940,0,7,8
2060,1080,608,2816,1519,3056,0,9,11
3018,534,286,2544,1818,5837,0,3,6
764,611,534,3940,1920,5982,893,4,9
2480,792,551,2675,1516,4004,419,8,10
70,1440,926,3881,2086,9237,2521,12,19
1644,0,0,0,0,68,0,1,1
4014,221,221,1505,1505,348,0,2,2
4013,221,221,1869,1869,348,0,2,2
1645,221,221,2396,2396,348,0,2,2
1266,0,0,0,0,68,0,1,1
4012,0,0,0,0,68,0,1,1
1251,112,112,1274,1274,517,260,2,2
2635,460,240,2766,2186,1428,106,6,7
4011,0,0,0,0,68,0,1,1
2730,1249,777,3004,1730,4380,187,5,10
1289,1249,604,2817,1610,2495,669,6,8
2172,651,319,2423,1442,10049,9225,1,6
2171,525,273,3375,2555,9755,0,1,5
205,0,0,0,0,456,0,1,1
204,0,0,0,0,456,0,1,1
203,0,0,0,0,456,0,1,1
372,237,237,2938,2938,2252,0,2,2
371,714,360,3181,1729,7276,0,8,13
370,1427,395,3000,2010,13071,4093,9,15
2483,1499,454,2929,1785,7341,0,9,13
1612,572,467,3011,1387,849,0,4,4
4549,453,284,2447,801,5765,0,2,3
3039,453,284,2475,771,5765,0,2,3
2791,1080,524,2786,1887,7585,976,9,18
2795,614,497,3273,2137,4753,3904,4,15
4022,362,284,1793,1035,1552,0,2,3
1802,1134,608,3357,1720,5660,0,6,12
405,713,290,3621,1700,7230,1,3,10
404,829,443,3195,1924,4830,2965,3,11
88,868,572,2292,1455,6557,0,12,20
877,741,410,3245,1786,6217,0,11,16
876,1323,1035,2104,1433,8058,0,13,20
2038,1211,749,3480,2080,22712,0,6,12
1258,972,693,2589,1715,13373,4151,6,11
836,828,466,2807,1988,4410,0,5,6
2210,416,190,1931,1198,2169,161,4,4
1784,1153,752,2837,2004,5304,1,10,18
815,917,555,3094,2096,7458,740,10,17
71,238,111,2953,1244,2482,329,1,4
934,0,0,0,0,599,0,1,1
931,307,117,3144,1839,4668,779,6,11
929,169,117,2551,1317,3042,0,4,7
928,169,117,2748,2009,3042,0,4,7
927,271,117,1744,1512,1160,0,3,4
924,321,155,3135,1873,3212,135,7,10
1605,271,271,2492,2492,889,143,1,2
926,271,271,1615,1615,889,0,1,2
5274,271,271,1131,1131,889,0,1,2
5275,271,271,544,544,889,0,1,2
1606,271,110,1972,1306,1413,702,2,3
1677,307,163,3567,1475,4073,144,7,11
3134,307,163,4025,1986,3396,0,7,10
2717,176,176,1215,1215,252,101,2,2
1205,176,176,3157,3157,172,0,2,2
1633,80,80,1180,1180,310,0,2,2
2716,260,179,2959,1377,1017,314,5,5
2715,190,190,741,741,279,16,2,2
2783,0,0,0,0,83,0,1,1
2782,0,0,0,0,83,0,1,1
1707,0,0,0,0,83,0,1,1
1708,0,0,0,0,83,0,1,1
2690,207,75,2670,1732,816,35,3,4
106,1332,246,2523,1781,3853,0,5,7
105,976,231,2550,1108,3697,0,4,7
1671,176,176,1858,1858,1244,644,2,2
3253,207,75,1179,903,375,0,4,4
2864,708,477,3822,2659,6068,868,8,13
1709,0,0,0,0,83,0,1,1
2931,0,0,0,0,62,0,1,1
1729,0,0,0,0,62,0,1,1
1514,280,126,2125,1148,750,119,4,5
3274,812,504,3201,1960,7010,0,12,16
1415,812,504,3546,2290,7010,65,12,16
358,786,274,3841,1882,4641,892,6,10
3267,85,85,1885,1885,5843,0,2,2
543,210,132,1831,1103,1023,190,5,5
157,283,151,2600,2024,8629,798,2,6
364,1039,666,3250,1948,6386,844,9,12
363,528,339,3334,2118,5854,1978,3,5
362,528,339,2786,1427,5854,2056,3,5
361,683,339,3627,1634,5982,1822,3,6
2473,0,0,0,0,92,0,1,1
676,0,0,0,0,518,0,1,1
683,721,498,2905,1964,4802,0,4,9
682,721,498,3805,3141,4617,0,3,8
681,699,495,2129,1577,5015,0,8,12
2190,1582,792,1582,792,14538,4,17,26
4815,606,405,4460,3334,3715,0,6,9
188,1485,833,1908,1131,10236,0,18,25
1084,978,646,3316,1995,6263,650,11,14
1455,0,0,0,0,130,0,1,1
1805,309,217,3783,2405,2077,355,5,6
2620,784,380,3859,1806,7265,596,6,9
544,336,206,2635,1440,1475,97,7,7
317,934,464,2577,1794,8822,1357,8,11
3301,717,339,2538,1421,2926,0,5,6
1166,968,496,4216,2989,7213,2765,11,16
4118,643,274,2368,1281,10913,0,4,9
1159,779,385,3344,2037,9160,0,7,15
464,170,170,1249,1249,540,0,1,2
463,170,170,2919,2919,540,0,1,2
3117,170,170,1737,1737,540,0,1,2
187,170,170,3610,3610,540,0,1,2
763,0,0,0,0,540,0,1,1
762,589,394,2962,1619,1800,0,5,11
761,1439,624,3563,1977,10745,665,9,14
2184,565,416,2997,1681,1891,686,2,7
1511,0,0,0,0,543,0,1,1
475,170,170,2931,2931,540,0,1,2
1097,0,0,0,0,621,0,1,1
1940,0,0,0,0,621,0,1,1
1939,245,109,2679,2135,1601,0,3,4
4820,0,0,0,0,621,0,1,1
353,617,341,2731,1987,6560,792,6,11
4840,293,264,3732,2442,11600,0,3,5
2877,1323,588,2852,1997,4356,1204,8,11
2876,1323,588,3252,2217,4952,1265,8,12
2980,751,668,2672,2514,1899,0,4,5
2299,819,668,2009,1129,2234,732,4,6
2670,321,192,2580,2028,5288,0,11,18
2669,329,192,3447,2037,5372,0,12,19
2668,368,192,2023,1227,5551,4,13,20
4085,382,192,3589,1773,4702,0,12,19
4734,382,192,3434,1875,4702,0,12,19
4119,382,192,3787,1920,4702,0,12,19
1168,382,192,4006,2171,5337,1030,10,14
3286,321,104,2682,1595,3339,0,6,11
1786,1153,425,2892,1738,3903,804,7,11
3294,740,399,3888,2188,3432,0,3,6
67,705,548,3011,1984,4018,0,9,12
66,974,560,2119,1262,2158,299,10,11
1303,1084,800,2748,1560,6006,209,9,12
2957,296,196,3166,2070,628,242,4,4
2460,444,343,3697,2269,5184,557,6,8
278,1062,598,2668,1644,7045,698,12,15
277,275,172,2244,1696,387,173,4,5
276,557,225,2961,1791,4551,927,3,7
279,1062,648,2694,1732,8616,704,12,16
2292,611,296,2472,1799,29178,2121,5,8
2822,643,423,2620,1546,6937,460,6,9
2821,611,395,2757,1527,5063,636,5,8
1234,764,636,3798,2222,10024,2,2,8
4700,761,597,2107,1442,7915,0,1,5
229,761,597,2184,1398,7915,0,1,5
228,761,597,3747,2080,7809,0,1,5
4869,0,0,0,0,6763,0,1,1
4868,375,191,3362,1778,4585,0,2,4
253,708,477,3777,1732,2464,210,9,12
252,708,477,3392,1913,2106,219,9,12
251,726,311,3425,1845,650,133,6,8
5010,273,204,723,501,465,0,2,3
4809,605,281,2517,1241,3988,0,5,7
4808,605,281,3138,1729,3988,0,5,7
1771,106,106,2936,2936,2752,521,1,2
164,464,290,2791,1609,5393,0,4,8
163,464,290,3308,2162,5393,0,4,8
162,907,464,2660,1299,9500,0,13,23
414,797,420,3599,1991,7953,1547,11,19
413,693,405,3115,1811,5821,1469,10,14
132,662,452,3418,2063,90812,7,3,8
421,921,603,2435,1748,16939,209,4,8
4479,1186,647,2743,2138,49908,0,4,10
4477,894,490,1879,1092,23234,0,3,5
3142,894,490,1855,990,23234,0,3,5
1001,1116,759,4028,2394,25269,21498,3,6
2331,80,80,294,294,10413,8226,2,2
3138,80,80,880,880,3950,0,2,2
1018,408,328,3674,2225,7150,3772,3,3
1227,674,509,4320,2394,3440,1342,3,7
1226,674,428,3512,2038,6029,3129,2,9
1225,674,428,2270,1293,6120,0,2,8
1222,674,428,2756,1341,6120,2,2,8
1221,578,462,2171,1683,11274,0,4,10
56,1135,578,2901,1758,6368,1828,13,21
3411,1135,759,2599,1758,4677,0,10,15
3331,769,509,3232,2089,3334,0,8,11
136,879,530,3460,1967,5103,512,10,13
148,1238,739,3483,2031,12273,5580,3,10
147,485,436,4038,2708,1356,0,5,5
146,485,436,3568,2409,1356,0,5,5
145,485,436,2670,1725,1356,0,5,5
144,485,436,3607,3105,1356,0,5,5
143,666,440,3859,3183,4352,1678,2,6
301,666,436,3335,2141,3774,0,2,5
856,1321,855,3302,1884,23615,1596,9,15
328,887,530,3502,1616,1506,133,5,5
1919,793,495,3114,1447,76386,0,3,7
1918,793,518,3797,2405,73662,13850,3,8
830,956,878,3477,2161,20697,0,6,14
829,956,560,3068,2279,11477,0,3,9
828,956,560,2857,1798,11477,0,3,9
827,956,771,3028,1572,11075,0,3,8
826,1147,752,2641,1984,5941,0,4,8
825,1147,759,3868,1518,14108,4185,5,11
824,928,766,3195,1676,13766,4829,6,14
59,959,880,3154,1645,13109,2093,7,12
1850,976,451,3505,2204,3495,538,6,9
1849,277,69,2741,1749,3834,1539,4,6
5273,451,259,2594,1668,2738,0,6,8
2933,451,259,3668,2069,3911,506,8,12
2932,327,163,2946,1428,3155,294,9,11
703,959,405,3319,2867,6719,0,7,11
702,959,568,3779,1852,6216,519,6,12
1218,578,462,2959,2115,12081,1,4,12
135,945,495,2481,1491,26196,5766,9,17
134,509,382,2462,1997,17736,0,3,5
133,509,382,2440,930,17736,0,3,5
800,670,389,2690,1948,93482,0,2,8
799,670,389,3170,1879,94152,61721,3,8
3762,670,278,1322,739,95487,0,2,5
3231,670,278,3431,2332,95487,0,2,5
4256,670,278,2564,1971,97874,0,2,7
4260,1138,768,2471,1661,55259,0,3,9
256,1138,768,3024,1830,55259,19048,3,9
1591,196,126,3217,2064,1193,334,2,4
1387,241,126,3154,1845,1960,385,3,5
1388,268,179,2496,984,2783,618,3,4
547,1004,605,3259,2144,12170,3330,3,9
2903,856,524,3018,1674,12071,2187,7,11
2902,1306,630,2257,1567,13344,1737,12,18
1219,617,440,3445,1877,8004,0,7,12
1637,677,430,3553,2034,8109,1775,8,14
1747,679,469,3299,1283,3249,128,2,3
859,1147,759,3542,2012,8833,0,7,16
858,1147,759,2728,1929,16369,20,7,17
1023,882,705,3167,2259,20291,955,4,12
5294,882,705,2521,1410,16157,0,3,8
424,882,705,3420,2345,16157,0,3,8
423,882,705,3287,2059,16157,0,3,8
422,900,703,3053,1945,64378,2193,4,9
911,900,703,2683,2238,55854,6897,2,6
1848,482,280,3879,2399,5559,2205,8,13
2410,285,285,1960,1960,5784,5499,2,2
3041,285,285,1354,1354,5784,0,2,2
5410,778,462,2862,1880,10336,0,9,13
1250,778,462,2523,1598,10336,0,9,13
1249,778,462,3220,1585,8279,1137,10,14
2621,852,438,2852,1650,19369,238,7,12
1931,534,326,2566,1462,6560,454,6,11
549,1039,605,2407,1658,16423,3937,5,12
548,1039,605,4167,2321,17871,4503,4,9
871,1099,813,3822,2218,14239,1969,8,15
365,1262,745,2956,2632,6922,316,8,12
115,735,359,2732,1673,20393,5303,3,12
4614,537,359,3440,1851,16363,0,2,8
2175,735,319,3227,2179,20177,7482,2,7
2174,719,504,3545,1890,13887,2776,5,11
4609,445,212,2950,1647,6797,0,5,7
2173,718,517,3967,2677,7152,875,11,15
4595,982,478,3229,1800,14103,0,3,7
4594,1147,485,3017,1626,12650,0,2,7
149,1147,485,2692,1813,13061,0,2,7
5043,709,440,3099,1696,11603,0,6,9
1929,709,440,2675,1741,10616,1307,6,10
2477,953,466,2127,1044,10963,2141,3,4
2476,513,75,2175,1717,11279,2922,2,3
5029,513,75,2020,1963,11300,0,2,3
1563,407,299,1695,1401,1147,145,4,5
753,368,262,2758,1857,8725,3866,1,6
4103,742,494,3571,1919,9510,0,1,8
752,672,494,3304,2436,6454,817,3,8
751,672,585,3570,1665,3650,235,6,8
750,844,505,3015,1917,5384,0,10,12
749,844,488,3269,2151,10367,1,10,14
2858,716,422,3217,1691,20384,1,4,10
2857,530,377,2803,1389,3847,198,6,8
2856,305,161,3213,1126,2420,514,5,7
2855,624,431,2717,2248,6354,1389,6,10
2106,691,417,3057,1911,18530,2331,3,9
429,692,619,2687,1677,19653,0,4,9
428,720,643,3567,2733,19750,0,4,11
4880,960,721,2593,1887,16965,0,4,7
3278,1073,521,2700,1666,27870,0,6,10
2270,1073,496,2455,1911,26751,15388,4,8
2269,1073,577,2279,1401,24296,4139,5,9
4879,1073,649,3517,2142,21620,0,5,10
2797,1137,623,3322,2289,26718,0,7,15
5370,166,94,1296,1115,15790,0,1,3
550,318,239,2375,1467,18755,7174,2,5
2580,0,0,0,0,542,304,1,1
3021,419,262,2928,1987,1238,0,4,5
65,820,425,2848,1766,10966,1942,5,12
64,795,392,3294,1975,9719,0,7,12
63,846,468,3089,1963,9828,0,9,15
3144,795,524,3594,2063,7707,0,6,11
1788,1035,524,3119,1351,8418,1224,9,17
3296,570,252,3545,2019,4959,0,4,7
1343,570,252,1280,935,2378,541,3,5
2703,951,324,2761,1814,5452,1238,5,7
2723,458,280,3298,1507,4655,1689,6,10
2722,528,325,3229,2015,4290,1157,7,11
255,1138,768,2381,1825,25545,0,4,5
254,1138,768,2542,1471,28552,2455,5,6
1342,161,161,1269,1269,4016,2032,1,2
2979,172,87,2095,874,4223,0,1,3
2296,252,171,2623,1227,6504,0,2,4
2294,252,245,2742,2335,6389,0,2,4
754,356,170,2460,1328,2933,865,3,4
2817,319,216,2499,1408,6179,1583,4,8
838,766,524,2993,1620,6152,1141,3,9
2041,766,482,1465,641,5509,716,4,6
2040,411,153,2655,1614,12338,5247,4,5
2039,1211,742,3171,1562,22749,0,5,11
2456,742,466,3307,2266,8633,1591,4,6
1642,138,132,2723,1036,7565,658,1,3
1229,674,389,3213,1667,7619,3649,3,8
1228,674,389,3368,1793,7619,1419,3,8
1051,277,206,1687,961,3520,0,1,4
812,877,666,3074,1752,5465,463,15,21
884,0,0,0,0,4281,0,1,1
883,0,0,0,0,4281,0,1,1
882,255,255,2213,2213,5672,0,1,2
670,646,255,1560,1229,6970,0,1,4
2681,646,255,3076,1859,4773,2687,1,4
2680,337,235,2798,1595,4604,1523,2,4
2679,428,255,2975,2311,4802,909,3,5
3006,1317,559,2163,1673,10974,0,5,8
804,1385,705,3277,2007,9724,1619,6,14
2356,690,391,3402,2276,7939,2631,2,5
114,735,359,3381,1979,18391,0,3,8
113,735,359,2963,2003,18391,0,3,8
112,796,448,3485,1877,23520,14,3,10
1798,491,393,3172,1435,14712,1227,3,8
1797,491,408,3077,1866,7562,242,6,8
1796,407,205,2826,1484,5357,185,6,7
4818,794,373,2286,1941,3498,0,3,4
368,1597,940,1798,1137,15898,3653,14,24
933,332,280,3023,1377,5086,0,9,13
4126,307,163,2401,1921,3765,0,8,10
2934,327,242,2693,1904,4083,688,10,12
13,0,0,0,0,1663,1174,1,1
25,179,166,3609,1972,2642,232,3,4
787,1100,950,3804,2011,25051,1746,7,14
2687,1100,674,2808,1883,8604,483,9,13
2686,1050,626,3683,2198,5837,149,9,11
2965,1137,788,2839,2054,12233,654,11,16
4835,368,258,2744,1408,2022,0,3,5
4833,368,85,3612,2484,6304,0,2,3
4832,368,85,2224,395,6304,0,2,3
1936,573,478,2133,1287,2248,582,4,6
1935,164,81,1716,857,1216,73,2,3
1934,157,157,2022,2022,2273,856,1,2
2721,710,542,2816,2055,3096,94,9,12
2720,547,344,3493,2335,2802,668,8,10
1206,341,253,2245,1541,1041,200,7,8
4016,672,546,2670,2212,1172,0,8,9
2732,672,546,2401,2049,652,0,6,6
2731,672,546,2312,1519,652,0,6,6
309,65,65,2192,1297,18807,11304,3,3
308,415,238,3611,2095,18807,6315,3,6
3046,415,238,2828,1830,18807,0,3,6
307,415,238,1741,868,18807,0,3,6
304,415,238,3004,2353,18807,0,3,6
727,793,368,2694,2327,15666,614,3,7
1425,501,299,3118,2126,3662,326,2,4
5028,483,205,2857,2011,5656,0,4,5
1664,344,291,3701,2182,6779,1288,5,6
1693,951,717,2821,1764,5911,339,4,7
2705,1031,443,2440,1655,5849,472,5,8
396,0,0,0,0,1340,520,1,1
728,69,69,407,407,4083,2704,2,2
3618,69,69,3026,3026,4083,0,2,2
3617,69,69,2116,2116,4051,0,2,2
1323,761,494,3003,2227,4628,0,7,11
1744,761,551,3107,2027,3748,0,6,9
1743,761,551,2883,1552,13371,0,5,11
1596,753,584,3000,1668,15114,12569,3,9
5080,69,69,2566,2566,937,0,2,2
5001,69,69,2007,2007,937,0,2,2
2952,69,69,1914,1914,937,0,2,2
2951,238,238,3453,1664,999,0,2,3
1132,637,202,1824,977,2551,0,5,5
4277,251,215,2788,2027,1048,0,3,3
1299,251,215,2334,1014,1048,0,3,3
1298,251,215,2880,1787,1048,0,3,3
1297,251,215,3148,2491,1048,0,3,3
580,0,0,0,0,124,0,1,1
2037,827,602,2901,1912,4420,0,6,7
2036,827,602,2740,1875,4420,48,6,7
5027,155,48,3369,1878,2626,0,3,3
3207,1314,738,2864,2073,16305,0,6,9
1190,1314,639,3326,1799,20391,6604,6,10
1189,581,323,3905,1798,9779,2804,4,8
2988,565,323,2690,2341,7467,0,4,6
219,956,565,3151,1611,7815,0,4,7
2854,1314,565,3420,1960,21271,3578,8,14
2862,1200,551,2734,1507,31929,0,5,10
2901,766,482,4236,2178,3715,621,4,6
1917,328,248,2021,71,7536,1166,2,3
2994,328,248,1945,1291,7188,0,2,3
2861,328,248,3470,2319,13284,3145,3,3
1817,156,156,887,887,3960,562,2,2
1816,156,156,2279,2279,3585,0,2,2
1815,718,418,2177,1304,6574,0,6,8
3012,607,392,3118,1703,9684,0,6,10
116,662,399,3645,2074,18938,9476,9,15
3043,718,399,2424,1599,3960,0,8,10
1821,662,471,3320,2090,6273,1264,9,13
1820,662,319,3566,2028,8327,744,9,11
2859,422,377,3288,1864,20414,0,2,6
122,707,422,3172,1726,9481,126,8,12
897,772,626,2610,1430,11665,506,6,9
2518,731,355,2508,1097,4123,43,5,6
295,1238,719,3032,1684,15688,0,3,9
294,1238,719,4074,1861,15913,5425,3,9
852,1147,502,2055,1784,16502,1002,3,8
5041,1004,461,2397,1661,14648,0,3,8
1520,1004,605,3841,2035,18038,5486,5,10
1976,286,86,3204,1736,1368,30,5,5
280,835,308,1942,1176,6170,416,4,7
520,679,384,2398,1487,14304,312,4,6
748,764,598,3041,2159,8301,2243,6,11
2458,767,505,3015,2471,4415,253,8,11
841,627,435,3305,2202,10105,5067,4,9
840,664,585,2281,1349,10622,899,4,9
839,627,415,2609,1546,9596,1960,3,6
1372,776,199,3235,1528,3170,430,4,5
5213,933,429,2523,1594,7370,0,7,8
2030,1239,700,3266,1782,17683,7008,8,13
1366,1394,926,3936,2350,9523,4052,9,15
298,1394,865,4086,2209,5065,627,9,14
297,1394,865,3662,2196,6068,673,9,14
4836,864,759,2696,1801,9842,0,1,4
408,436,311,1473,984,2667,0,4,6
407,375,311,3546,1395,3624,2229,4,6
406,799,344,2855,2183,4456,0,4,9
1801,1233,411,3701,1923,4849,1058,7,12
2824,370,199,2703,1992,29684,20512,3,6
320,623,503,2117,1138,1219,300,3,4
292,1004,502,3422,2760,15552,1693,2,8
1599,1004,461,3733,2093,13625,999,3,8
339,1147,619,3531,2196,5226,154,7,8
303,919,759,2464,936,21114,0,3,7
300,767,694,2821,1476,21147,0,3,8
142,1147,767,3895,1928,39881,0,4,11
141,1147,709,3651,1820,39956,0,4,12
140,981,588,2286,1687,36768,0,5,12
139,981,588,4190,2554,36307,0,5,12
138,1181,759,3872,2581,34638,3,8,19
4569,976,808,2988,1552,24837,0,5,11
5306,976,834,2929,1766,19019,0,5,13
849,976,834,3242,2014,20833,8968,6,13
1326,976,834,2837,1499,17184,0,5,10
1325,976,834,2843,2368,13306,0,5,10
1322,913,822,3061,1473,6519,1,4,10
1321,1140,678,3501,2028,6182,0,3,9
1320,1140,678,2884,1541,6118,0,3,9
1317,1140,711,3231,1682,8495,2,9,19
3026,1186,781,2132,1772,28110,0,11,20
1027,1186,781,3074,1794,28368,833,12,21
3064,1168,752,3243,2046,24413,0,4,12
1375,1168,752,2262,1228,23704,0,4,12
1374,1168,752,2963,1881,23704,0,4,12
1373,1168,752,3654,2121,16923,2164,5,13
1357,913,737,2285,1430,14984,1808,5,11
1992,1897,1897,2253,2253,5766,1788,1,2
4187,1897,1897,2799,2799,5703,0,1,2
1991,1897,1887,3843,3159,9539,1516,1,3
579,1897,1897,416,416,1145,167,2,2
357,786,379,3289,2601,4009,621,6,9
356,740,689,3250,2014,6088,232,13,18
355,706,689,3403,1971,2453,187,7,8
354,689,334,1277,952,684,57,4,4
1921,419,148,2787,1405,2144,683,4,5
174,1087,674,1064,634,5058,1079,15,22
2788,397,311,3098,1386,38463,16982,2,4
563,521,342,2753,1718,45326,12318,3,6
562,521,342,3212,1361,42008,5023,3,7
1158,759,274,3877,1986,7069,8,8,13
3,988,521,3435,2025,12970,0,7,14
2962,988,545,2863,1747,9505,0,4,8
2961,988,545,3273,2416,8970,3,4,10
1244,870,431,3809,2484,15971,4883,3,13
2355,690,216,1964,1547,6617,2133,3,5
2354,292,108,2358,1344,4154,709,3,4
2353,288,229,3424,2169,4319,1012,4,5
596,336,229,3032,1310,3717,1686,4,6
2449,400,270,2744,2602,1746,335,3,6
2448,355,245,2647,1787,2312,175,4,6
1598,706,433,2262,1310,4774,751,7,9
2464,890,539,3887,2070,8805,1730,9,15
1209,381,288,2255,1896,3405,773,7,9
1208,621,364,2498,1601,2552,0,6,8
1207,621,364,2131,1320,2077,173,5,7
2463,376,294,3008,2242,3877,108,6,9
165,498,278,3021,1788,6811,1162,3,7
4827,744,436,3444,2220,9003,0,9,15
2764,561,292,3858,2248,7425,0,10,14
415,514,285,2721,1819,4303,1357,5,9
4826,712,405,2368,1458,7564,0,7,12
2288,1144,620,3420,1543,9432,897,11,19
1665,403,291,1919,1278,7217,215,7,8
5025,660,384,3423,1939,9789,0,7,10
2745,1700,1119,2607,1792,36052,0,11,15
2744,1700,1119,3221,1895,45925,3532,11,16
953,1700,1119,3560,2149,45169,12531,9,14
2199,384,190,3199,1677,5600,437,4,7
2198,384,119,2616,1495,4812,166,3,4
2197,384,75,1805,1412,1583,35,3,3
1689,764,398,2853,1793,5062,565,7,12
1585,817,551,2897,2217,5194,484,8,13
735,383,138,1729,816,2270,0,3,4
4234,383,138,2642,2021,1993,0,3,4
4125,487,378,3062,2089,5603,0,6,9
4124,487,378,2947,2109,5603,0,6,9
2667,675,405,3067,1744,7181,4225,7,12
2665,618,382,3221,1800,7025,0,10,16
2664,618,382,3059,1656,7025,0,10,16
2661,618,418,3004,2163,6908,0,9,16
1742,884,513,3239,1944,4984,0,10,16
1741,1001,663,3294,2018,7435,1078,13,19
1808,390,235,3664,1319,4109,1226,5,8
2122,958,544,3408,1877,4418,1853,4,10
1806,784,337,2688,1453,3561,1280,4,6
2121,440,238,2818,1902,3545,420,3,8
2560,612,413,2777,1845,4525,440,6,8
2755,464,265,3499,2165,3541,0,5,9
195,823,677,3461,2087,4100,0,12,17
1004,823,597,2725,1443,4702,0,7,17
2982,633,360,3723,2115,1525,0,6,9
2515,701,484,3175,2182,7164,3323,9,19
374,1031,717,2342,2037,7555,1695,5,8
2759,997,535,2544,2149,2674,689,6,10
2984,245,160,2429,1669,1980,0,4,5
534,303,160,3630,2594,2598,724,4,6
399,259,156,3230,2556,4222,2374,4,6
533,194,87,3763,2353,2991,309,3,4
3355,245,98,3002,1254,1837,0,3,4
1901,203,98,2018,1183,1393,690,3,4
4276,0,0,0,0,178,0,1,1
4259,1360,693,3787,2213,10250,0,6,9
3656,709,482,2839,1449,6418,0,4,6
779,1265,693,2969,1686,101682,1960,5,7
2987,412,260,2622,1306,4895,0,2,5
3011,412,260,2677,1196,4895,0,2,5
3009,412,260,2603,1727,4895,0,2,5
2879,1385,590,3970,2077,6000,0,8,17
865,197,136,4181,2487,4396,1643,2,4
864,625,275,3028,1722,4915,2021,4,10
2350,421,270,3279,2100,3574,150,3,6
998,328,198,1825,418,12282,9370,1,3
3143,342,209,3430,2086,12356,0,2,4
3139,342,209,1625,936,12356,0,2,4
1017,478,302,2441,1827,13972,3815,2,5
2492,740,399,3912,2397,5289,1203,5,10
4778,535,344,2202,1457,5235,0,5,8
2491,535,344,2528,1375,5235,0,5,8
2490,794,553,3173,1816,7528,0,4,14
556,794,390,3897,2147,7299,1179,8,12
555,794,441,3002,2039,5747,227,8,10
767,986,548,3682,2192,1395,0,8,9
765,893,605,2762,1640,11008,699,9,13
1794,538,230,2703,1957,579,101,3,4
1793,289,149,3751,1761,740,76,4,5
1494,236,119,1746,806,935,330,2,4
1495,168,81,2196,2141,895,208,3,4
1792,289,149,2213,1080,1044,191,5,6
57,475,285,2788,1744,8249,929,6,9
118,731,416,3368,2013,59211,21667,6,10
379,384,242,3955,2134,7710,740,5,6
3970,617,341,2928,1728,8138,0,6,12
625,496,266,2224,1344,6742,3273,2,6
86,496,266,2171,1748,6802,0,2,5
85,442,288,3097,1584,2923,0,2,5
845,0,0,0,0,7869,6575,1,1
844,493,493,1122,1122,33286,0,2,2
1259,493,328,2501,1227,4136,2176,3,4
2359,960,614,3370,1770,5541,370,7,11
1946,1137,950,2990,1680,5208,267,5,9
1945,1137,950,2093,1206,3310,210,6,9
1961,362,139,1416,1219,2281,494,4,4
2183,564,303,2023,666,2706,1295,3,6
4623,564,303,3282,2165,2109,0,2,6
2182,1262,717,3478,1971,5101,644,5,8
3572,543,349,2786,1083,7130,0,4,5
908,2065,967,3324,1961,37680,18993,6,12
1787,374,231,2818,1239,3027,161,4,5
2459,595,400,2704,1879,8900,931,7,10
707,572,464,2923,1832,9527,0,4,7
706,633,464,2796,1677,9902,14,5,8
705,633,464,4118,2548,8558,0,5,7
704,670,281,3205,2448,7952,1135,5,8
19,769,277,2975,2002,3264,451,5,8
701,934,526,3604,1886,7837,4609,8,15
5284,934,464,3343,2255,9316,0,8,12
501,560,476,3730,1907,2944,136,8,10
5285,561,476,4074,2448,2748,0,8,9
1262,645,508,2225,1555,4868,0,8,9
1261,926,508,2497,1787,5191,131,9,11
2977,606,208,3424,1775,5800,1057,3,5
1268,356,190,2225,1664,6660,2156,1,4
1267,331,190,1610,1122,5223,2169,2,4
4105,137,137,947,947,997,0,2,2
3000,399,251,2600,2075,5794,0,5,6
898,1317,853,3519,2952,8262,204,9,13
1523,810,556,3144,1420,8543,0,7,10
2205,761,416,2827,1583,11643,311,5,7
293,1238,719,2743,1683,11357,2592,4,10
743,1238,719,2749,1741,7724,135,5,7
299,697,447,2927,1905,4339,994,5,7
1340,719,273,2718,1757,5117,232,5,7
1339,642,482,3481,2744,2203,683,3,5
1338,647,442,2401,1539,2072,533,4,6
3189,647,389,2891,1670,4260,0,6,10
2571,716,410,2863,2044,5178,663,6,12
14,1321,813,2533,1266,13683,743,5,11
801,874,633,3094,1751,9450,640,6,7
5414,549,449,3517,2151,2564,0,6,7
290,606,463,3563,1860,3045,241,8,10
5412,913,458,2686,1523,3311,0,6,8
3023,913,666,3759,2215,16159,0,5,10
2528,649,423,3147,1962,6130,552,6,9
4186,111,111,776,776,13469,0,2,2
1243,723,446,3358,2024,10329,0,2,13
498,948,656,3197,1891,11453,3932,7,17
497,965,578,4130,2199,10477,0,8,15
4,833,545,1755,828,6500,0,3,5
496,965,546,2344,1501,10952,1,9,16
1734,1004,605,2329,1652,11807,2772,3,8
1735,730,164,2139,1442,5191,75,3,4
1736,982,730,3600,3567,626,119,3,3
595,385,229,3227,1954,2150,61,7,8
3304,288,229,1703,1261,2029,0,5,5
2352,460,333,3226,1550,2294,199,5,7
2351,518,378,3673,1815,2953,228,8,9
2349,587,313,2679,1761,2417,207,4,7
1526,348,295,2851,1248,3980,341,5,7
732,876,597,2978,1844,5010,0,7,13
729,876,494,3296,2015,5924,48,7,15
2307,631,377,3072,2136,12822,4466,6,13
9,852,426,3331,1796,9405,0,9,16
4830,852,426,2744,1748,10808,0,11,18
4829,852,426,3292,2183,7029,0,11,17
530,986,482,2324,1353,9618,1686,18,25
1769,486,310,3502,2640,8849,0,5,11
1768,486,310,2201,1377,7843,0,4,10
1767,486,310,3273,1926,9887,280,4,11
177,462,303,2718,2693,1174,0,4,5
1410,817,501,4454,2921,6769,1339,8,13
197,1060,617,3758,2000,4002,105,10,13
196,423,330,2967,2050,2525,0,7,9
1003,755,498,3107,1880,6113,1,7,16
1002,441,167,2945,1721,7492,3279,5,8
4804,470,280,2174,1164,6464,0,3,5
198,981,515,2660,1110,6199,498,17,23
1411,817,499,3776,2766,4685,324,4,9
2261,873,431,3384,1762,2789,177,8,10
4727,695,450,3112,2541,8244,0,7,17
168,852,450,2043,1285,11635,1899,9,20
2398,1306,766,3291,1872,15094,57,9,14
3027,1239,504,2913,1960,12341,0,7,10
3655,680,680,2008,2008,1424,0,2,2
4497,1365,919,3430,2181,15635,0,6,15
3765,680,680,3146,3146,865,0,2,2
3141,1355,838,2922,1332,3280,0,3,4
806,1355,680,3704,2662,3455,197,4,5
4258,1155,470,2586,1608,9047,0,7,9
2105,1155,470,2715,1254,17503,0,8,10
2104,1204,709,3195,2099,31716,320,7,12
4096,280,231,1894,1398,1303,0,4,4
218,1683,919,2818,1845,13792,0,10,15
1161,954,526,3059,1960,19484,7994,9,17
5281,263,178,2100,1766,3735,0,3,4
1263,695,516,3197,2053,9977,2128,7,11
1341,206,161,2816,2014,4393,2762,2,4
2455,490,231,2810,1871,3281,0,5,8
977,231,63,900,559,1237,153,2,3
1236,938,399,3205,1976,22277,6856,2,6
730,351,174,2670,2451,3832,0,1,5
1584,523,332,3540,1368,3382,1184,1,5
2666,527,379,3800,2093,3901,630,9,14
561,803,432,3135,1791,3227,447,8,11
2531,1174,424,3518,1677,16928,554,3,5
2882,1238,342,4570,2758,6231,816,5,6
2881,1238,283,2708,1337,3528,517,7,12
626,478,216,2898,2262,3512,658,4,7
624,569,293,3325,1740,5740,163,4,7
239,1582,791,3142,1705,7938,921,10,15
5255,1249,777,2822,1981,4403,0,4,8
4921,1249,777,3374,1883,4581,0,5,9
4920,328,250,2439,1068,2340,0,5,6
1911,350,250,2097,1548,2668,1181,6,7
5147,1249,777,2451,1502,3621,0,5,8
922,1439,717,2868,1751,5365,446,7,12
2209,303,115,3253,1697,2439,508,2,3
2208,259,156,2311,1224,1753,920,2,4
2207,274,156,2440,2208,2315,464,4,5
2487,823,359,2782,1888,10490,3769,3,8
2486,823,544,2717,1783,7021,0,3,7
2485,1200,904,2954,1950,9891,2,6,12
2484,1185,412,2846,2012,10735,0,5,9
369,1597,940,2660,1556,13014,0,15,23
4817,1143,565,3254,2595,12695,0,9,12
1431,1147,735,2558,1762,6289,1505,4,9
3045,1147,735,2888,1934,5939,0,3,9
1432,627,367,2776,1539,8056,3423,3,8
1755,197,108,2336,1864,14224,3743,2,3
4508,108,108,1562,1562,4090,0,2,2
2308,294,139,2303,1516,5997,3695,5,6
2103,1155,648,2708,1817,22605,0,4,6
2102,1155,648,3096,1732,22605,0,4,6
3074,1155,736,3278,1670,19838,0,3,6
2373,1155,736,3721,1913,19838,0,3,6
2372,1155,736,4441,2056,20572,2043,3,6
2628,1155,736,2632,1610,14262,0,5,8
2627,1155,781,2752,2037,14912,0,6,9
2626,1428,920,2236,1453,9938,830,6,10
4027,1792,1091,3362,2275,11060,0,9,14
2558,1678,1220,3691,2047,9913,1403,12,19
5026,1198,466,2883,1673,22209,0,4,6
582,1155,660,3694,1995,20411,4867,9,14
2358,766,482,2749,1962,2152,61,3,5
1770,106,31,3054,1296,7352,1765,3,4
1766,484,345,3135,2445,10735,7120,4,8
2689,327,235,2359,1094,2914,545,4,4
2688,327,235,1997,1296,3226,442,3,4
786,1050,626,3157,1811,15314,1313,9,14
870,1045,951,3278,2069,7018,1117,8,12
869,1045,787,3201,1762,5642,1802,12,16
4116,834,456,2885,1758,10426,0,6,11
5395,1070,834,3200,2633,12304,0,9,17
5394,1091,834,3408,2052,5856,0,10,16
973,1091,834,3055,2096,6328,2002,10,17
4645,1091,649,3098,2303,5620,0,10,14
4639,1039,649,3051,2162,6091,0,6,7
189,1070,872,2989,1873,7369,0,9,12
3005,1306,630,3698,2033,9653,0,9,14
2955,1317,591,3017,1893,7268,244,13,18
2954,812,537,3303,1894,2018,785,11,15
2953,744,438,2797,1780,1313,206,6,8
3003,1306,681,3502,2189,7878,0,6,8
1521,361,260,3472,2312,11307,215,5,6
4800,447,292,3804,1817,5612,0,5,8
4799,1303,294,3493,2080,8646,0,9,13
411,1303,572,3447,1923,8256,944,7,10
410,1143,435,2222,1320,5089,341,5,6
519,679,384,2617,1353,7489,301,5,6
546,1239,792,2931,1908,15807,0,7,11
545,1239,792,2556,1528,12375,5,6,11
1242,473,213,2321,2253,8953,0,2,9
1008,255,174,2086,1276,2224,52,4,6
2754,689,336,3236,2113,3916,0,9,15
2807,817,608,2406,1485,6674,2081,12,20
4806,723,471,2652,1481,4785,0,6,13
4805,689,415,3266,2005,3303,0,9,14
89,789,572,2427,1933,6088,0,11,18
4790,705,413,3647,1841,4951,0,6,10
1281,84,84,636,636,906,53,2,2
2348,541,313,3298,1952,2908,671,5,7
5283,586,451,3736,2345,6085,0,8,10
842,972,618,3125,1856,21798,1329,6,9
949,412,231,2565,1610,3526,647,4,6
948,938,443,2908,1292,6260,3232,5,13
3313,463,384,3311,2257,4867,0,3,8
3312,463,384,1975,1369,4867,0,3,8
5151,372,236,3128,1868,2760,0,2,4
5150,372,236,1958,1102,2760,0,2,4
1076,654,312,3120,2026,5415,1762,6,9
4568,584,547,1990,1030,14158,0,2,5
1330,1155,879,3461,2296,19281,0,6,14
1329,1155,879,3495,2206,19308,0,6,15
1307,1155,913,3318,2124,16471,15,8,18
832,1106,831,3377,2299,19805,0,8,14
831,879,351,2831,2301,12189,0,3,6
1607,163,71,2884,1565,1032,251,4,4
1395,269,220,2475,1980,3115,3,8,10
1608,327,242,3543,1941,1824,27,8,9
1891,610,317,3681,2149,5838,1460,7,10
418,1092,525,3574,1807,3243,0,6,9
5299,1092,489,4042,2613,5302,0,6,8
1096,1092,467,2794,1741,5948,408,9,12
2400,1238,744,2929,2022,20940,4925,5,8
4287,1306,681,2563,1892,19376,0,7,12
4592,1238,539,2688,1672,9568,0,7,10
668,424,199,2018,1475,3245,759,2,3
667,595,528,2209,1135,8426,1625,4,5
1277,254,199,2348,1262,4556,0,4,4
1276,391,202,1857,1631,5034,683,5,5
784,595,527,2010,1335,8633,1417,5,7
622,753,518,3333,1825,2681,0,5,13
862,598,500,2564,1813,15935,0,3,7
3048,188,188,240,240,1290,0,1,2
2516,690,400,2648,2031,17291,260,3,8
2267,753,480,2373,1554,16204,1283,3,9
2266,598,352,1576,1229,765,78,3,4
332,613,385,2790,1821,8193,250,7,11
1160,954,560,2199,1528,17993,2554,6,10
554,712,435,4358,2176,1789,69,8,9
553,499,297,2372,1063,2862,791,2,5
1904,1582,883,3661,2638,4880,921,8,11
2433,439,295,2691,2231,1559,374,4,7
1433,610,462,2944,1363,8584,2003,4,10
2409,519,332,3056,1740,5720,604,4,7
2408,494,332,2076,1450,10700,621,4,7
5233,390,238,1563,1281,941,0,5,5
4982,390,238,3172,2488,941,0,5,5
4994,390,238,2652,1802,941,0,5,5
1725,390,238,3638,2853,735,326,4,5
5007,485,238,3335,1681,815,0,4,5
5005,485,238,3157,2898,815,0,4,5
1315,819,725,4151,2744,2168,310,9,10
2263,557,330,2815,1599,3564,366,8,10
401,753,268,3473,2010,3540,526,3,8
400,228,192,1947,1656,3238,1025,2,4
2282,377,254,2940,1832,2284,927,4,7
505,1475,839,3869,2660,28600,19965,8,14
504,1475,1003,2782,1752,28758,3007,10,16
3615,510,509,2941,1702,1523,0,2,3
4621,510,509,3255,1695,1358,0,2,3
2177,924,476,2200,1713,8493,774,3,5
1430,1538,950,1918,1253,10079,1831,6,11
305,1321,735,2920,2340,7276,0,6,9
2617,436,120,3382,1634,4700,0,3,5
2616,436,120,1658,1248,4700,0,3,5
2615,436,120,2579,1550,4700,0,3,5
119,731,520,3273,1973,64422,3,5,9
3297,1070,594,2710,1645,16740,0,9,11
4649,670,347,1960,604,17832,0,2,3
214,2165,1138,1423,1217,73554,534,4,5
837,742,585,3048,1984,6085,0,2,6
5154,331,190,2920,2065,5124,0,2,4
5153,331,190,2418,1419,5124,0,2,4
5152,331,190,2952,1389,4416,0,2,4
3118,1010,757,2783,1492,7478,0,5,11
1926,1010,614,3557,2042,7670,2583,6,14
1925,890,482,3287,2067,6373,427,8,14
1924,890,482,3290,2109,8097,461,10,14
403,753,508,3039,1919,7422,1392,4,12
1379,743,390,2212,1489,2339,53,7,9
1378,331,131,1648,1088,892,12,4,4
1380,496,309,3388,3199,2056,165,5,7
4488,1187,833,2389,1464,8785,0,13,17
4640,1485,926,3514,2178,9646,0,11,16
1661,1186,951,3314,1999,5791,84,9,11
2159,0,0,0,0,3637,1838,1,1
939,138,138,1426,1426,4039,854,1,2
24,138,138,3071,3071,4039,0,1,2
23,138,138,2724,2724,4039,0,1,2
22,356,138,2798,916,3809,393,2,3
3020,291,185,2725,1326,2626,0,2,3
1678,611,330,4043,1569,2890,260,4,5
2291,727,418,3355,1819,10380,288,8,12
2253,702,463,2624,1827,9935,3052,4,8
2252,402,263,3059,2398,11987,8042,4,8
2527,649,378,2545,1707,7906,609,5,7
2526,606,246,2676,1839,6140,426,4,6
2525,606,490,2604,1323,5447,1481,7,11
5378,344,293,3121,1916,7329,0,3,4
129,649,409,3071,1947,12199,0,5,7
128,649,409,4207,2820,12471,71,5,8
2830,649,409,2460,1652,12739,310,6,9
2829,637,344,2913,1794,5624,1307,5,6
18,691,338,3572,1692,2232,41,9,10
915,566,452,3132,2305,2862,76,5,7
684,721,378,3748,2382,7695,3221,4,10
8,461,307,3350,2285,12719,3950,7,12
1316,819,725,2718,1791,4772,726,10,12
1095,1092,467,3180,1747,4369,618,10,13
2340,979,648,2645,1810,8341,0,9,17
2339,979,648,2693,1799,9091,77,10,18
875,948,656,3140,2291,14069,0,4,15
872,948,656,3152,2278,12507,0,4,16
1085,791,515,3643,2291,9113,3852,9,15
4561,792,569,2923,1560,3388,0,6,8
4779,912,524,3186,1961,2803,0,9,12
21,426,300,3277,2369,4263,0,4,13
20,426,300,2827,1984,4263,158,4,13
373,395,183,3821,1806,2056,686,3,4
5215,0,0,0,0,1796,0,1,1
4798,1207,515,2662,1221,6406,0,5,8
207,355,261,3247,1278,2426,0,2,4
664,212,138,2978,1372,7017,1049,1,5
663,205,197,2740,2270,6956,0,1,4
662,205,197,3404,1463,2858,0,1,4
4618,423,285,3531,1495,11473,0,4,5
1967,1045,839,1005,588,3474,290,3,4
2746,0,0,0,0,846,699,1,1
2743,0,0,0,0,846,0,1,1
2742,0,0,0,0,846,3,1,1
4575,415,185,2651,1894,2417,0,5,7
1021,790,396,2393,1346,4713,0,6,10
1081,415,185,3762,1664,1671,36,5,5
2271,535,303,2566,391,2746,307,3,6
2314,82,33,1874,1325,9090,8741,2,3
3277,82,33,1818,1460,6663,0,1,3
685,625,505,1981,1754,4698,0,2,4
2909,457,112,2730,1973,7928,12,2,5
5155,642,228,3350,1282,8367,0,2,5
2914,642,228,3649,2288,8367,0,2,5
2913,642,243,2484,1665,9121,3966,3,6
2912,456,187,3580,1765,8927,0,2,5
5144,0,0,0,0,2056,0,1,1
4736,0,0,0,0,2056,0,1,1
4735,0,0,0,0,2056,0,1,1
3042,0,0,0,0,2056,0,1,1
2761,535,386,2489,1702,2370,465,4,6
108,535,411,3140,2075,1838,198,4,6
2760,535,411,3493,1645,2119,469,4,7
158,1005,538,2921,1721,6940,386,11,17
402,753,331,2991,1756,1973,277,7,8
2289,749,496,3052,2009,4367,0,7,12
4825,749,496,3392,2505,3846,0,7,11
814,1091,713,2663,1882,6822,389,15,18
855,913,735,2360,1994,14281,0,5,7
854,913,735,2914,1912,14281,0,5,7
853,913,735,2193,1621,14281,638,5,7
2634,1076,458,3511,1596,2426,316,6,9
857,874,672,3236,2494,11161,4807,7,13
5291,771,560,2172,1488,1650,0,4,6
1428,1147,759,2886,1769,18515,2398,8,16
5413,976,712,3870,2183,15707,0,5,10
1588,913,691,2967,1869,10971,770,7,13
1385,233,141,3602,1613,1872,211,6,8
1386,343,192,2994,1725,2928,142,10,13
4828,986,503,3508,1982,7532,0,11,19
1275,1038,726,3872,1730,6578,101,7,8
3775,0,0,0,0,961,0,1,1
3773,0,0,0,0,961,0,1,1
1701,0,0,0,0,961,182,1,1
1900,586,274,2381,1032,4092,0,4,6
1899,586,274,2606,1462,4092,0,4,6
1894,249,146,1972,994,2042,663,2,4
1898,146,121,1281,1177,995,178,3,3
493,0,0,0,0,6068,2461,1,1
492,476,230,3299,2362,22540,0,3,6
491,476,251,2204,1544,19038,1009,3,7
83,1075,536,3006,1906,6938,0,2,7
1022,478,257,2243,1461,3118,0,4,5
99,602,236,2316,1495,3904,1298,4,6
1254,0,0,0,0,7471,7,1,1
4255,0,0,0,0,7471,0,1,1
4481,174,174,1494,1494,7509,0,1,2
641,187,112,1802,1464,3042,0,2,3
640,396,214,2751,1884,3122,133,3,4
4533,112,112,706,706,3644,0,2,2
17,382,192,3491,2016,5070,868,11,15
2262,705,658,1865,1329,1090,47,5,6
2219,468,243,3296,2266,1101,33,5,6
2218,475,191,2313,1443,1162,44,6,7
4807,721,371,3052,1652,5770,0,5,9
1703,617,371,2658,1609,3302,0,5,7
1702,911,375,2979,1969,4242,297,8,11
1922,162,162,1540,1540,1435,803,1,2
176,312,251,3325,1976,3093,0,3,6
104,239,179,2005,1578,1947,364,3,5
212,150,88,2555,1724,1644,1001,4,4
2828,496,266,3416,1608,1599,265,7,9
4282,492,165,1082,1013,4231,0,3,3
343,492,165,2435,481,4231,1013,2,3
709,0,0,0,0,28244,27340,1,1
843,493,328,3298,2463,35274,0,2,6
1331,976,737,3067,2082,22653,0,5,12
4567,913,834,3558,2109,18941,0,5,8
161,1072,503,3381,2031,7102,1809,11,19
160,1072,509,3097,2082,4456,0,10,16
159,1072,509,3817,1821,5520,380,10,17
805,682,334,2815,2146,6173,1494,4,5
4591,495,370,3063,2206,9070,0,3,4
4286,1306,766,3427,2177,19059,0,7,13
2399,1306,766,3930,1843,21639,0,8,13
1144,118,118,1004,1004,20220,11789,2,2
1483,118,118,2359,2359,6712,124,2,2
1484,386,202,922,241,2910,52,3,3
2575,191,162,2717,2006,22017,0,2,4
1030,431,331,1925,1251,24819,0,2,7
1029,810,565,3230,2389,22871,20,3,12
738,390,273,4019,1940,5320,0,2,7
4858,331,187,2777,2200,24355,0,2,5
3616,331,187,3270,2059,24128,0,2,5
4862,543,267,2545,2276,4821,0,4,6
2524,543,267,2253,1476,6269,980,6,8
2853,382,192,3046,2226,3953,966,8,13
2894,359,238,3803,2023,2808,992,3,6
2893,359,238,1758,1281,3028,656,4,7
4844,393,393,1768,1768,6573,0,2,2
4242,788,393,562,250,6913,0,2,3
529,788,686,3683,1909,12130,4094,3,4
1313,0,0,0,0,11866,8132,1,1
3867,976,752,2663,1166,13341,0,3,10
2436,286,129,2990,2453,5965,1687,3,4
2435,190,115,2169,483,3264,598,2,3
2434,302,190,2119,1712,4053,409,3,4
4616,604,463,3038,1713,12590,0,3,8
1126,772,191,2992,1878,5648,1719,5,8
2462,506,312,3412,1879,2983,73,4,6
1897,0,0,0,0,724,378,1,1
1131,0,0,0,0,724,223,1,1
888,0,0,0,0,308,0,1,1
2726,412,289,2662,1904,2152,146,5,6
2725,412,178,2265,1847,3244,207,4,6
2724,654,351,2501,1446,3550,900,7,10
1761,384,227,3597,3068,2746,268,4,7
344,335,253,3216,2142,2616,1264,4,6
688,384,323,1267,667,2185,293,5,7
1760,404,313,2869,1496,2880,202,4,7
342,560,400,2394,1115,3192,4,3,3
5224,165,165,1333,1333,859,0,2,2
2321,1250,1162,1238,801,3693,54,3,3
153,98,98,2980,2980,221,20,2,2
152,0,0,3473,3473,1809,80,2,2
4644,1091,573,3472,2938,1724,0,9,10
4638,1091,604,3165,1508,2751,0,11,13
1791,1143,647,2839,2012,3810,0,12,16
1790,1315,926,2456,1614,6156,556,14,20
2290,727,413,3056,2039,4325,1709,7,12
1048,1004,503,3044,1476,4203,121,5,11
1304,611,262,2519,2327,3859,0,4,5
48,1218,696,3188,1672,24862,0,7,12
47,1218,550,3435,2266,24924,0,8,13
4620,1475,739,3091,1928,26205,0,7,13
4996,297,156,2564,1866,2273,0,5,6
4706,297,156,2433,1425,2273,0,5,6
737,430,278,4207,2091,3829,0,7,10
734,430,278,3209,2437,3156,1014,6,10
5070,667,486,2151,1432,4296,0,5,6
5006,866,494,2415,1419,2668,0,3,7
5008,866,494,3881,2289,2668,0,3,7
1726,866,469,2656,1797,1705,370,4,7
1485,386,202,2892,1235,2710,52,2,3
331,557,476,2211,1361,2233,67,4,5
330,219,219,2345,2345,1119,33,2,2
4422,513,336,2787,1478,1660,0,3,7
3292,513,336,2584,1296,1660,0,3,7
932,238,47,2990,2236,1819,0,3,5
913,271,117,3069,1794,3282,1406,6,8
925,321,155,3420,1918,2845,56,7,11
1019,353,159,3593,1816,2894,201,4,5
945,369,272,2519,1575,3600,1,1,6
5364,841,660,3625,2591,4973,0,2,9
944,841,660,3108,1693,4011,0,2,7
943,317,218,2182,1239,444,0,3,3
5099,123,123,2317,2317,171,0,2,2
3299,123,123,533,533,171,0,2,2
2908,123,123,700,700,171,13,2,2
1128,841,660,3624,3092,4407,3876,2,8
3108,365,199,2088,1551,873,0,5,6
3107,639,364,3076,1814,2533,0,7,10
87,799,502,3416,1537,3872,786,9,13
3054,261,98,1244,1076,3012,0,4,4
233,1148,572,2816,1903,7205,0,6,12
232,1148,572,2964,2031,7205,0,6,12
231,1148,572,3035,1918,7205,0,6,12
230,614,414,2989,1889,5390,0,6,11
265,614,467,2768,1822,2147,0,5,8
327,919,321,2955,1954,2376,122,6,8
1583,575,246,2886,1317,1260,28,4,5
1026,352,174,2958,1807,2406,723,3,5
675,750,540,3543,2164,4310,277,11,14
674,658,374,2776,1042,3412,443,11,13
990,378,304,2938,1910,4749,0,4,10
1005,451,336,3846,2013,4307,0,5,11
2806,667,395,3720,1964,2739,75,8,10
1288,1249,708,2053,1736,1656,145,3,4
565,929,455,2806,1929,7577,2978,9,13
4728,473,194,2397,1811,3612,0,5,6
2633,67,67,2069,2069,907,121,1,2
2632,374,257,2301,1386,5188,756,5,7
210,827,432,3846,2097,2897,278,7,9
5300,758,581,1893,1683,3600,0,3,3
2328,386,386,77,77,2095,0,2,2
2327,386,386,678,678,2095,33,2,2
2326,0,0,0,0,333,0,1,1
2325,0,0,0,0,333,4,1,1
2324,0,0,0,0,333,0,1,1
5225,0,0,0,0,333,0,1,1
5227,1419,1162,2751,1288,4948,0,3,3
2225,1419,1162,2686,1853,4948,10,3,3
2224,1419,1162,3194,1446,4948,29,3,3
813,829,496,2291,1631,2626,0,9,10
811,727,496,2397,1716,1604,356,9,10
102,590,400,4240,2413,1185,0,5,5
101,590,400,3777,1819,1185,0,5,5
1264,654,321,3622,1964,11242,1136,5,11
5282,302,216,3408,1973,2187,0,5,7
756,602,395,3120,2064,3525,345,9,12
755,536,374,3600,1733,2941,324,7,8
2648,535,304,3587,2489,2113,0,2,7
4108,753,518,4128,2083,1529,0,5,10
2875,364,180,3163,2690,8095,7918,1,4
4486,1323,890,3625,2371,2617,0,7,8
4490,1323,890,3435,3141,2617,0,7,8
3002,338,251,928,633,4733,0,3,4
785,566,465,3185,1896,6029,109,4,5
169,695,450,3195,1971,8306,1569,7,18
1853,509,396,3573,2696,8648,1059,8,11
3288,517,422,3491,1785,2907,0,12,14
3287,509,208,3575,1827,2451,0,9,11
3019,419,262,4001,3277,1083,0,5,5
3017,419,262,3165,1888,1083,0,5,5
4776,311,311,2785,2785,442,0,2,2
863,764,365,3003,1426,3477,132,8,12
2287,594,406,2306,1767,4022,465,8,11
2517,334,249,2816,1599,618,366,4,4
2566,792,644,2891,1248,3387,0,6,11
1963,0,0,0,0,1397,734,1,1
3327,0,0,0,0,1397,0,1,1
2779,129,129,1457,1457,1378,359,2,2
2512,494,494,447,447,688,242,2,2
1852,405,321,3252,2208,6258,175,7,9
1764,674,518,3178,1660,17036,8791,5,10
1763,685,517,3144,1642,12318,1694,6,11
4512,758,172,2221,1427,1916,0,4,5
1762,758,172,1925,1565,2546,156,4,6
695,313,239,2211,1506,1676,456,5,7
273,642,530,2392,1186,4075,2487,4,6
3230,1245,606,3281,1667,18461,0,10,13
472,1245,682,3106,1779,17042,2301,11,14
257,961,505,3405,1803,16206,6002,6,11
335,521,382,3489,1428,12107,0,6,9
334,784,458,3653,2314,12212,0,7,10
654,766,242,1670,875,1715,46,5,6
653,260,186,3876,1914,605,108,4,4
2425,260,228,2309,1320,381,70,3,3
1429,697,180,3040,2868,10782,451,6,8
1450,633,300,2579,1959,3529,378,6,8
5305,0,0,0,0,1648,0,1,1
567,187,99,2252,1294,2003,175,4,4
4511,384,172,2897,2246,2076,0,4,6
4510,384,172,2156,1300,2076,0,4,6
2799,703,517,3300,1886,9291,7143,5,11
1493,433,268,3038,1148,754,59,3,3
866,221,118,2755,1790,1951,845,3,5
2268,0,0,0,0,111,0,1,1
1579,0,0,0,0,111,0,1,1
1335,0,0,1505,1505,1322,605,2,2
3303,216,166,1636,1282,3249,0,3,3
2836,258,190,2958,1247,4143,2597,3,4
4123,742,218,3035,2210,3143,0,8,11
947,513,218,3674,2207,1709,0,8,10
946,513,218,2965,1990,1709,0,8,10
5156,343,192,3491,2019,1447,0,6,8
1739,491,288,3931,2118,2414,886,3,9
1740,884,390,3493,2583,3154,421,5,10
686,332,202,3137,1860,917,31,4,4
950,412,172,3116,2890,1385,0,4,5
733,430,277,2841,1581,3855,1209,8,12
1119,200,137,2519,1647,1673,510,3,4
1129,424,199,2315,1647,2046,364,3,4
1846,0,0,0,0,399,352,1,1
1845,408,156,2537,1105,762,0,2,3
1844,408,259,1352,724,973,210,3,4
2133,0,0,0,0,148,46,1,1
2132,240,236,2066,1526,2443,336,4,5
3044,134,134,2745,2745,1507,0,2,2
4881,526,301,2266,1096,16525,0,4,6
389,1073,640,2203,1180,29732,0,5,8
4729,522,319,2588,1499,3937,0,7,9
1837,210,117,1609,1345,976,0,3,4
4507,674,518,2615,1920,16859,0,6,12
1673,526,342,2307,1336,3555,159,4,6
349,1239,724,3575,2094,10938,1168,7,9
348,513,205,2672,2027,3961,599,4,5
5074,207,207,1212,1212,580,0,2,2
5310,490,236,2892,1738,1048,0,3,4
1011,490,236,3866,1881,1048,0,3,4
1010,490,236,2966,1398,1212,0,4,5
690,639,335,2623,1220,1156,133,6,7
326,624,221,2001,1317,6027,306,4,5
2450,519,474,1215,630,4914,131,3,3
434,462,80,3548,644,3019,0,2,3
3308,147,147,1871,1871,475,0,2,2
417,496,295,2497,1424,1644,40,5,7
1685,309,110,1727,1491,1336,40,2,3
2713,209,129,3811,1951,476,139,4,4
3282,261,137,3218,2178,2568,0,4,5
566,929,455,2840,1679,6359,852,8,12
4122,368,191,2423,2136,2952,0,6,8
4532,778,218,3701,2182,4499,0,9,12
744,275,138,2084,1586,2155,494,3,3
1260,814,442,3408,1535,4801,147,7,10
1120,0,0,0,0,1176,465,1,1
2272,200,71,3000,1822,1931,232,3,3
921,492,341,2828,1927,2644,784,10,12
3760,471,341,2998,1575,1795,0,10,11
919,471,341,3275,1718,1795,44,10,11
918,471,341,3047,1514,1354,18,9,10
917,1093,839,2654,1977,3115,109,7,7
5304,348,157,3131,2682,1736,0,3,4
697,348,318,3560,1642,1819,52,4,5
758,747,402,3371,2513,3154,322,5,8
531,744,405,3344,2108,6420,0,10,14
1529,0,0,0,0,977,77,1,1
3159,133,133,1298,1298,346,0,2,2
1142,133,133,621,621,346,289,2,2
2863,280,220,2846,2313,2476,0,4,5
1504,559,353,2924,1544,2562,28,9,11
3289,375,168,1975,1357,2477,0,5,6
5093,405,366,2647,1932,2477,0,4,4
5091,405,366,3490,2096,2477,0,4,4
12,405,366,1544,1290,2477,24,4,4
2649,191,191,2191,1202,1350,0,1,3
532,490,377,2884,1729,4726,1375,6,10
1672,281,210,2277,803,2134,236,3,5
2880,1238,266,3274,1668,3074,0,6,9
2381,519,296,3227,2869,2345,111,4,5
323,306,69,3050,1759,1620,203,3,3
322,193,69,1378,1100,1026,241,2,3
1505,321,195,1760,672,572,6,3,3
1220,229,164,2290,1626,1269,0,3,4
992,326,243,1699,288,579,13,3,3
760,624,326,2617,1844,4201,0,5,7
759,747,402,3671,1650,5378,0,6,9
2803,666,366,3240,2504,1363,302,6,7
2530,1226,452,2872,1827,8001,552,6,7
2457,975,672,2649,1926,12055,4613,5,10
5411,1147,752,2884,1840,17294,0,6,12
2367,1105,790,2958,1789,8062,354,7,10
3290,321,186,2558,1540,1795,0,8,9
2522,346,281,1128,514,2060,521,3,4
184,796,457,3353,1298,4575,635,12,15
183,751,457,3420,1983,2712,537,10,13
3112,833,621,1903,1077,2859,0,5,6
3111,833,621,3983,2367,2859,0,5,6
3013,0,0,0,0,2913,0,1,1
121,237,128,1141,969,4663,0,2,3
120,237,128,1613,65,4663,0,2,3
2884,526,299,2648,1593,2265,214,5,6
2529,1306,424,2140,1664,4723,265,7,9
2883,630,343,3445,3293,2582,392,6,8
3140,1186,647,2978,2317,24022,0,5,10
997,1186,647,3369,1496,24022,6291,5,10
3279,418,295,2409,1760,3934,0,7,9
2,1047,796,3252,2144,5057,0,9,13
3269,796,511,2558,1567,1612,0,6,7
1765,557,409,2877,2064,24415,5295,6,13
1836,674,518,3013,1700,10572,0,8,12
4831,327,198,3008,1721,9777,0,3,7
2360,1038,626,3112,1953,8953,344,8,11
2678,428,255,2448,1414,3224,429,3,5
2107,270,196,2866,1412,9965,4484,3,4
1318,884,390,2818,1719,792,0,3,5
1089,211,165,2692,1498,504,90,4,4
2770,0,0,0,0,87,0,1,1
1756,165,88,1630,1298,13569,0,2,3
4586,118,118,1530,1530,260,0,2,2
4580,118,118,1956,1956,260,0,2,2
2768,118,118,1941,1941,260,0,2,2
2767,118,118,1400,1400,260,0,2,2
693,242,123,2616,1869,779,130,4,5
692,242,123,2924,1918,332,0,4,4
691,242,123,2072,1828,332,0,4,4
3116,0,0,0,0,1727,0,1,1
4610,0,0,0,0,1727,0,1,1
4611,839,528,2315,1624,6711,0,3,5
1409,457,262,1125,909,1658,87,2,4
420,579,354,2768,1684,673,146,5,5
542,565,336,3453,1753,2667,797,9,11
1130,199,199,2261,2261,1170,390,2,2
4566,938,565,2865,1875,5369,0,5,12
1312,938,711,3264,1798,6805,0,5,10
1311,938,711,3473,2021,6805,0,5,10
1310,938,711,2980,2083,6805,0,5,10
1309,938,711,2873,1939,8235,10,5,11
1308,819,711,2890,1739,9214,0,6,11
1328,983,719,2527,1332,7823,0,5,11
1327,725,445,2318,1815,8439,364,5,10
3836,1273,725,2855,1821,9240,0,6,11
661,611,245,3415,1749,3201,0,2,3
4536,373,285,2652,1209,2024,0,2,3
238,927,655,3463,1968,864,24,5,6
321,623,327,2304,1486,950,34,4,5
325,306,207,2331,1198,1115,416,3,4
288,267,78,3400,1487,1004,250,3,3
3640,113,113,2015,2015,481,0,2,2
3638,307,113,1241,127,606,0,2,3
221,307,113,3150,2050,606,0,2,3
4941,113,113,1271,1271,392,0,2,2
1829,113,113,1725,1725,392,103,2,2
4489,627,303,3006,2198,1135,0,4,5
2869,666,522,2601,1780,1438,190,6,8
1874,201,97,2080,1117,1067,312,3,4
1873,201,97,1810,802,1067,430,3,4
1513,280,223,3020,516,558,260,3,3
2297,87,87,1885,1885,588,199,2,2
2454,664,267,3941,1772,2420,0,6,9
2453,569,390,3252,2438,1300,48,5,6
182,1051,567,3993,2063,6051,823,8,11
4866,723,406,2150,1494,8248,0,5,7
4838,0,0,0,0,1179,0,1,1
90,638,519,4441,2526,3549,0,4,6
3025,1186,888,1860,1474,36660,0,4,6
1960,250,139,1928,1605,4095,374,4,4
1280,274,200,2824,1372,5747,753,6,8
3971,561,341,2155,1435,5160,0,5,9
1872,204,158,2473,2155,557,91,2,3
2907,396,304,3767,1734,1604,311,3,5
4992,396,195,526,246,1142,0,3,4
4990,396,195,1647,963,1065,0,3,4
4988,396,195,3136,2938,1065,0,3,4
5234,396,195,3428,1373,1065,0,3,4
2658,396,195,3824,2342,1065,304,3,4
4626,655,301,3453,1944,4435,0,7,9
621,344,269,2630,2219,4742,3161,2,6
2114,1093,692,3555,1812,19156,741,5,10
4619,348,348,3005,3005,7135,0,1,2
2582,521,357,3563,3030,6804,438,6,7
4646,1204,838,3514,1921,29913,0,4,8
4254,1204,838,2920,1426,29116,0,4,8
2167,1204,838,2157,1628,29116,0,4,8
2166,1657,862,2700,2533,27251,10253,5,9
3232,931,434,2384,1071,13728,0,6,10
3764,1657,918,2384,1963,23407,0,4,6
3763,1657,918,2925,2212,23407,0,4,6
2645,250,188,2950,2551,6194,2968,2,3
4731,250,188,3815,2767,1740,0,2,3
166,498,250,2464,1805,1717,0,5,6
2202,483,205,2847,1808,3747,144,4,5
3487,524,280,3199,1610,2705,0,4,5
10,1162,709,2709,1191,6606,505,6,8
2203,483,106,3538,1328,1641,27,3,3
471,861,615,2884,2089,6495,92,5,5
4071,615,81,3822,1493,3261,0,3,3
2217,615,81,1351,505,3261,0,3,3
2216,615,81,1073,682,3261,0,3,3
2215,615,615,2011,2011,934,0,2,2
1100,1011,470,1867,1330,2439,644,2,5
1099,768,72,2527,2435,1577,0,2,3
4821,245,72,3363,2866,1063,0,2,3
783,678,344,3416,1871,3417,331,9,13
4257,397,397,1440,1440,5726,0,2,2
4677,945,897,2364,1722,22747,0,3,3
2949,945,897,3078,1993,23609,4016,3,3
3186,336,257,2122,1306,4717,0,1,5
3302,633,478,3009,1020,1477,0,3,3
274,708,460,2881,1941,2691,820,5,8
3198,1314,733,3199,2094,15064,0,9,14
3252,1190,425,2488,1466,5575,0,5,7
1690,425,239,2543,1210,2540,38,5,5
2640,502,344,3403,2719,14714,3797,3,3
234,502,344,3304,3225,14317,4244,3,3
2641,502,344,2994,1648,11463,399,2,3
1833,239,125,3720,1927,2607,953,3,5
2727,1207,601,2456,1698,7057,344,9,11
1114,154,154,4239,4239,2538,592,2,2
775,345,179,2651,1670,3660,0,3,5
774,394,171,3381,1958,4171,0,5,8
1814,1106,817,3315,2941,19417,2728,9,13
2443,1106,630,3375,1997,13053,74,7,9
2798,1137,489,2955,1698,6755,0,11,17
789,252,163,2846,1046,664,0,3,3
788,252,163,496,57,664,0,3,3
1683,0,0,0,0,801,228,1,1
1684,0,0,0,0,611,189,1,1
4556,1526,1371,2990,1903,7704,0,6,7
4555,1526,1371,2900,2028,7704,0,6,7
711,1565,1371,3200,2708,9306,0,5,8
710,1565,1371,3283,2345,9306,790,5,8
110,522,287,2791,1820,8850,9,5,8
127,511,270,2307,1211,1637,26,6,6
5149,261,137,2756,1824,1758,0,4,5
4797,1207,635,3422,2021,4734,0,6,7
173,722,534,2253,1477,1346,344,4,6
1639,306,175,2827,2358,4663,323,3,4
2424,509,382,3113,2260,2985,0,5,6
2423,509,382,2675,1888,2985,0,5,6
2422,509,382,2329,1534,3166,118,6,7
2421,607,423,3094,2317,8882,514,11,13
1499,718,517,2130,1458,7154,0,9,12
1498,718,517,2944,1983,7299,684,8,10
40,639,256,1623,1325,511,0,3,3
39,639,256,3452,3090,511,9,3,3
689,182,182,1381,1381,407,189,2,2
350,1162,280,3127,2058,3388,131,5,5
757,747,565,3800,2249,3042,662,6,9
474,475,386,3114,1316,6960,88,5,5
4263,0,0,0,0,8456,0,1,1
244,282,202,2843,1691,2225,18,4,5
3237,237,128,1159,1071,2052,0,2,3
2964,1100,788,3723,2496,9083,0,9,14
2963,1501,842,4265,2618,10070,0,13,16
62,588,427,2705,1445,7346,0,10,13
61,582,362,2579,1561,4343,0,9,12
60,582,387,3369,2373,4584,0,10,13
2115,239,239,686,686,2415,1142,2,2
5040,239,239,1955,1955,2415,0,2,2
4839,654,321,3038,1541,11801,0,5,10
2587,747,398,2606,1846,1152,288,6,7
620,490,269,1974,1388,1780,510,4,5
1809,659,310,3336,2301,1950,470,4,6
55,791,435,2808,1745,2974,156,7,8
3245,688,347,2955,719,1583,0,3,3
3243,0,0,0,0,65,0,1,1
3251,0,0,0,0,65,0,1,1
3249,1270,1150,3008,1890,3485,0,5,6
137,1270,1150,3459,1987,3631,301,5,7
4643,814,417,3071,2353,4323,0,8,10
5393,801,574,4583,2591,2551,0,6,7
972,801,399,3584,1977,3432,140,4,8
4647,0,0,0,0,508,0,1,1
1834,547,109,2355,1763,1582,330,5,6
1859,0,0,0,0,1549,758,1,1
1858,285,191,4444,2857,3063,1967,3,4
4637,428,428,2028,2028,550,0,2,2
3425,428,428,2661,2661,550,0,2,2
1500,541,307,3225,1841,4527,578,5,7
991,799,339,2036,1296,3522,479,3,6
989,451,336,3495,1818,1379,0,8,9
217,1683,692,4365,2681,10307,538,5,9
366,321,126,3659,1522,2410,30,6,8
291,236,122,1883,1182,911,248,4,4
1832,890,442,3144,1954,5278,1228,7,9
1831,679,437,3273,1849,4520,261,5,8
3305,487,293,3068,1919,1400,0,5,5
1285,1012,802,3424,1418,1291,0,6,6
1284,1012,802,2767,2315,1421,374,6,7
2800,507,279,3141,1878,2392,0,10,12
2474,146,77,2589,1817,1865,1174,3,5
324,314,193,3084,1647,2068,45,5,6
4867,0,0,0,0,631,0,1,1
2959,201,201,1843,1843,896,68,2,2
1422,0,0,0,0,178,0,1,1
1920,326,187,2617,1874,965,42,3,4
302,633,633,2251,2251,580,0,2,2
5015,607,494,3063,1929,2170,0,5,7
3128,551,273,2569,1819,1509,0,5,7
3129,551,273,3363,1565,1509,0,5,7
2659,0,0,0,0,234,0,1,1
211,208,208,755,755,330,6,2,2
3275,208,208,2186,2186,330,0,2,2
782,383,214,2474,1260,1043,37,7,7
4642,521,431,2967,779,2212,0,5,6
190,521,431,2918,1744,1476,0,5,5
3106,574,224,1868,1289,1556,0,2,4
3105,872,432,1285,823,3125,0,3,5
1893,438,238,3687,2149,1904,0,3,7
1892,438,238,2772,2040,2022,722,3,8
227,764,597,2622,1315,3399,0,4,7
5014,1001,494,3414,2093,2700,0,10,12
920,918,421,2601,2134,1341,125,6,6
1680,611,291,3949,1849,1687,0,4,4
1679,737,310,3004,2011,2160,319,6,8
652,53,53,813,813,264,158,2,2
651,0,0,0,0,107,23,1,1
984,451,256,2870,1977,728,60,7,7
1758,143,143,3797,3797,5748,2086,1,2
53,249,143,1910,1740,1595,308,3,4
1590,211,88,2676,1855,1330,512,1,3
2592,96,33,2586,2475,1376,1209,2,3
3370,96,96,1784,1784,299,0,2,2
3079,482,96,1293,1089,433,0,3,3
1133,482,96,828,407,433,0,3,3
111,285,185,2285,1347,7807,0,2,3
296,991,942,3686,2448,1830,0,3,3
107,67,67,4345,4345,488,198,2,2
345,810,343,2882,1328,1785,520,6,7
5217,221,68,2629,747,2875,0,3,3
528,179,155,1633,945,1146,327,3,4
4787,294,176,3315,1944,7920,0,3,7
4786,581,411,2762,2008,8087,0,3,9
955,581,411,2782,1589,8236,0,3,10
2662,398,130,3146,819,436,0,3,3
2827,0,0,0,0,4661,1574,1,1
2826,0,0,0,0,4661,859,1,1
2825,302,196,1674,516,7528,911,3,4
3205,245,245,267,267,1863,0,1,2
3240,0,0,0,0,71,0,1,1
1094,165,165,1762,1762,218,13,2,2
1757,126,94,2240,1048,13482,7901,2,3
1966,194,83,2064,883,17928,5179,2,3
1965,194,83,2011,1044,17928,2067,2,3
117,237,196,3144,1256,5792,1323,1,3
275,383,172,3361,2076,428,279,3,4
2394,580,518,3742,1785,4292,792,3,6
747,630,487,3446,1472,1415,111,4,4
746,392,392,53,53,1153,78,2,2
745,0,0,0,0,275,14,1,1
154,0,0,0,0,87,0,1,1
3078,209,209,2520,2520,9495,0,1,2
2910,457,188,3606,1757,1672,0,3,4
694,0,0,0,0,105,105,1,1
4710,378,378,751,751,177,0,2,2
4558,415,351,2485,1411,2667,0,2,4
4557,415,351,2778,2046,2889,0,2,4
1530,50,50,918,918,7069,620,1,2
1101,768,346,2031,1548,1755,297,3,5
666,383,257,2413,1668,1173,175,4,6
3120,126,94,1616,998,417,0,3,3
2240,0,0,0,0,946,376,1,1
2237,202,202,2120,2120,1535,279,2,2
4243,275,76,1563,1393,965,0,3,4
1143,275,152,3063,1967,23020,10427,2,6
4265,275,152,2687,1711,22209,0,2,6
4241,476,251,3039,1680,15905,0,2,7
453,476,251,2901,1907,15905,0,2,7
5337,476,251,2226,1442,14544,0,2,7
954,476,251,3447,2656,14544,8634,2,7
2120,231,152,1481,1031,20598,0,2,4
2119,231,152,1882,1070,20598,0,2,4
2118,411,211,2605,1944,20955,8,2,5
2911,456,187,2380,1492,6871,0,2,5
2395,744,518,2587,1407,6009,873,2,8
803,482,357,3143,2071,3573,500,3,5
5381,468,311,1497,1009,9832,0,2,4
2362,521,342,3003,1538,7085,163,5,6
874,218,160,4106,3823,394,0,3,3
721,806,332,3205,1737,1558,0,6,6
1903,768,346,3343,1811,2012,208,6,7
1803,492,180,3199,2035,801,0,3,3
2968,778,609,2877,2275,2614,0,6,6
4875,778,469,3429,1823,3602,0,7,7
4874,786,432,2966,1941,4281,0,8,9
3173,407,407,1862,1862,2747,0,2,2
3175,407,407,960,960,2747,0,2,2
527,407,407,275,275,2747,10,2,2
1597,690,433,2663,1212,13304,3538,4,7
1564,299,299,2612,2612,421,30,2,2
1572,275,275,2138,2138,618,18,2,2
1748,0,0,0,0,3154,643,1,1
4593,924,919,2807,711,6714,0,2,3
1586,284,207,3077,1396,894,98,4,4
1640,0,0,0,0,5157,1657,1,1
1641,138,138,3594,3594,5425,816,1,2
4684,0,0,0,0,188,0,1,1
1827,0,0,0,0,188,0,1,1
1826,0,0,0,0,188,0,1,1
1823,364,228,1554,84,398,42,3,3
2704,951,324,2418,1347,4135,491,5,6
3969,463,301,1452,782,3171,0,3,4
3968,463,301,2978,443,3171,0,3,4
2577,582,190,3250,1875,4742,1990,2,4
2576,187,110,1599,618,21766,0,2,3
4132,405,136,3625,1667,4419,0,3,3
2469,0,0,0,0,551,178,1,1
2468,547,236,4713,3528,1475,156,6,7
2467,269,136,3660,2097,530,107,3,3
4577,537,213,1844,1680,704,0,3,4
4730,537,213,2603,2076,704,0,3,4
3333,972,482,2020,1074,15886,0,6,8
2749,1093,926,3169,2067,2648,0,5,6
3169,1270,944,3231,1484,3420,0,4,5
3170,1270,944,1635,1348,3420,0,4,5
2523,281,69,1661,1100,547,183,3,3
2981,243,173,3641,2933,4338,0,3,4
4633,632,632,1262,1262,701,0,2,2
2578,173,173,556,556,1113,0,1,2
1319,331,291,2323,1489,462,0,3,3
976,501,332,1348,842,791,4,2,3
3368,501,501,462,462,669,0,1,2
993,551,65,1108,1072,1828,940,2,3
619,490,269,3531,2340,1676,153,4,5
2780,664,353,2712,2184,1528,0,5,6
3004,1317,982,2200,507,4017,0,3,3
3265,659,199,1960,1522,8886,0,3,7
2644,405,405,1919,1919,9016,7014,1,2
3354,0,0,0,0,5073,0,1,1
1776,0,0,0,0,5073,0,1,1
1775,0,0,0,0,5073,0,1,1
1774,0,0,0,0,5073,17,1,1
1773,0,0,0,0,1824,0,1,1
1772,0,0,0,0,1824,0,1,1
2852,385,225,582,468,2113,101,3,3
2691,207,207,390,390,658,107,1,2
3255,207,207,2712,2712,658,0,1,2
560,598,300,2045,707,995,60,3,4
2728,565,141,3458,1336,4939,0,4,4
1274,139,139,1329,1329,2569,0,1,2
1273,534,301,2452,1544,3967,388,6,7
3351,248,23,3097,1863,667,0,4,4
1062,489,348,2567,1466,1193,324,7,8
2251,276,137,2786,1386,4496,0,4,5
2250,276,137,3066,1776,4496,10,4,5
1517,0,0,0,0,434,13,1,1
2162,229,229,2437,2437,522,154,2,2
4253,1217,499,2422,1344,5872,0,4,5
2833,640,409,1664,1023,6069,228,7,8
69,629,500,2902,1529,5232,0,6,11
4641,625,500,3144,1857,3253,0,7,8
1795,269,133,3218,2200,4293,296,4,6
5100,15,15,1220,1220,285,0,2,2
2428,194,137,2584,1827,1971,80,4,4
4509,156,88,2498,2268,510,0,3,3
1759,384,156,1139,1020,575,0,4,4
1061,248,150,2029,1084,655,71,4,5
3022,649,649,558,558,3605,0,2,2
73,238,124,2365,1929,693,0,4,5
893,238,124,2353,1952,693,547,4,5
216,1683,692,2985,2624,8285,0,5,6
215,1683,692,2324,1367,8285,2,5,6
4659,215,215,1146,1146,870,0,2,2
2238,0,0,0,0,589,395,1,1
2322,1162,1162,1345,1345,4615,40,2,2
2274,0,0,0,0,792,133,1,1
886,82,82,2116,2116,535,307,2,2
2273,82,71,2414,1162,1885,444,3,3
1609,0,0,0,0,766,670,1,1
5302,0,0,0,0,766,0,1,1
454,393,187,1862,1130,2689,106,3,4
3298,398,137,1781,1560,285,0,3,3
5098,398,137,3419,2964,285,0,3,3
665,481,402,2012,1257,1677,170,5,6
907,0,0,0,0,74,21,1,1
3369,63,63,4320,4320,602,0,2,2
957,63,63,2550,2550,602,27,2,2
416,810,313,2334,1427,1051,52,4,4
3311,257,257,1392,1392,773,0,2,2
347,257,257,661,661,773,0,2,2
346,257,179,2595,1856,1325,424,2,3
2702,133,133,1359,1359,1483,67,2,2
2461,0,0,0,0,463,8,1,1
1889,441,293,4261,2173,1979,420,6,7
250,166,53,1886,765,573,516,2,4
249,203,53,3443,3410,268,0,3,3
248,203,53,2803,1570,268,0,3,3
247,203,53,1481,550,268,0,3,3
1875,0,0,0,0,305,87,1,1
3761,0,0,0,0,90,0,1,1
1118,424,200,1937,1332,1382,493,4,5
2584,499,307,3129,1233,918,209,4,5
68,435,212,2842,1379,2694,0,4,7
3778,99,99,916,916,546,0,2,2
54,0,0,0,0,152,27,1,1
2309,486,235,2603,1981,3088,281,4,5
4528,1109,535,2177,1296,1826,0,4,5
2647,1109,535,3050,1619,1631,0,4,4
4524,648,648,1953,1953,592,0,2,2
2130,648,648,1447,1447,592,0,2,2
2129,1080,648,3402,1031,3970,14,2,3
2567,237,196,2047,1308,591,0,2,3
951,98,98,1703,1703,614,99,2,2
2714,134,134,2058,2058,241,21,2,2
3236,0,0,0,0,1211,0,1,1
488,81,81,877,877,547,0,2,2
487,81,81,1496,1496,547,0,2,2
2475,100,66,2718,1982,1162,236,3,4
1789,720,539,3315,2021,1546,398,6,8
5101,0,0,0,0,80,0,1,1
4521,345,243,1492,1016,1006,0,5,5
4514,345,243,4208,2265,1006,0,5,5
4526,345,243,3031,1349,1006,0,5,5
2128,450,261,2089,1251,2639,1667,5,7
3575,0,0,0,0,3378,0,1,1
2619,492,492,1077,1077,382,58,2,2
470,2265,586,2589,1739,98623,274,5,5
2313,49,49,3253,3253,3834,52,2,2
2312,576,576,1919,1919,1074,0,2,2
4918,620,383,2698,1648,2812,0,4,6
4917,903,542,3272,2608,2560,0,6,8
1407,903,511,3890,2510,625,0,5,5
3295,0,0,0,0,444,0,1,1
4812,0,0,0,0,353,0,1,1
2802,293,146,3202,1430,793,10,5,5
2801,155,117,1691,888,572,0,3,3
5075,549,163,2666,1679,8641,0,3,4
395,549,220,3253,2199,8760,184,4,5
2630,0,0,0,0,104,24,1,1
2343,0,0,0,0,104,19,1,1
2342,0,0,0,0,104,4,1,1
2134,0,0,0,0,104,57,1,1
480,758,602,2013,1569,523,29,4,4
1253,320,320,271,271,1058,29,2,2
482,0,0,0,0,92,29,1,1
1083,1051,573,3808,2038,1431,173,6,7
736,394,235,3411,2048,1579,0,3,6
2885,237,237,922,922,1612,634,1,2
981,578,509,1715,1171,342,0,4,4
980,578,509,2837,2295,342,0,4,4
1541,578,509,3187,1731,342,0,4,4
982,578,509,1744,1266,342,0,4,4
1223,216,216,2064,2064,474,0,2,2
1638,306,216,3952,3280,4057,195,3,4
3262,852,750,3412,1817,13765,0,4,12
4493,923,657,3242,2242,14770,0,5,13
1025,923,657,3328,1909,14770,7917,5,13
1024,838,705,3375,1731,15131,0,4,11
1434,449,376,3025,2190,5475,655,2,4
3047,382,144,2181,1974,3510,0,2,3
860,460,382,2487,1492,4582,1780,3,6
4115,690,461,2455,1458,2255,0,4,4
1384,1023,979,2379,1884,312,0,3,4
80,0,0,0,0,280,0,1,1
4015,0,0,0,0,280,0,1,1
1265,0,0,0,0,280,0,1,1
5218,579,442,3059,1187,2280,0,4,6
1681,457,221,2517,2338,1012,254,4,6
1602,377,377,2921,2921,413,0,2,2
3180,0,0,0,0,138,0,1,1
1351,0,0,0,0,138,0,1,1
1746,0,0,0,0,138,0,1,1
1426,0,0,0,0,138,0,1,1
983,0,0,0,0,138,0,1,1
1427,0,0,0,0,138,0,1,1
1670,0,0,0,0,138,0,1,1
3352,743,413,2117,1348,4763,0,3,7
2135,76,76,2178,2178,4678,223,1,2
4109,76,76,2903,2903,4678,0,1,2
1570,76,69,2639,1559,456,0,3,3
1571,76,76,3598,3598,370,26,2,2
3272,487,383,3292,1016,1361,0,3,3
2734,1295,648,3224,2031,3960,0,9,11
1442,0,0,0,0,280,0,1,1
1688,0,0,0,0,370,0,1,1
109,398,203,3120,1680,1454,60,6,7
809,260,166,1884,1287,1072,239,3,4
808,260,166,2686,1418,1072,223,3,4
435,0,0,0,0,156,0,1,1
3669,0,0,0,0,124,0,1,1
3668,0,0,0,0,124,0,1,1
436,0,0,0,0,124,0,1,1
3689,0,0,0,0,124,0,1,1
1594,0,0,0,0,124,0,1,1
269,322,86,3009,2011,1649,18,3,3
4107,303,159,1665,1138,832,0,3,3
1629,294,294,2276,2276,183,0,2,2
4634,314,212,3298,1909,8162,0,2,5
623,314,212,3370,3170,8162,0,2,5
1383,294,294,1306,1306,183,0,2,2
500,0,0,0,0,154,0,1,1
338,0,0,0,0,154,0,1,1
1286,383,383,246,246,94,0,2,2
941,401,267,2389,1909,222,0,4,5
5363,401,267,2832,1977,222,0,4,5
940,401,267,2641,1456,222,0,4,5
1000,401,267,1476,980,222,0,4,5
999,401,267,2370,1180,222,0,4,5
5096,401,267,2392,1766,222,0,4,5
1121,401,267,2688,1937,222,0,4,5
5095,401,267,3493,1521,222,0,4,5
5083,401,267,3797,2695,222,0,4,5
1491,401,267,2657,1930,222,0,4,5
4997,328,328,3344,3344,1137,0,2,2
5000,328,328,1060,1060,1137,0,2,2
1687,328,284,4057,1764,1216,0,3,3
923,50,50,1402,1402,762,0,2,2
4795,565,565,815,815,8512,0,1,2
4794,565,65,1764,1279,5093,0,3,4
1173,0,0,0,0,336,0,1,1
1171,0,0,0,0,336,0,1,1
618,498,498,3290,3290,397,66,2,2
4732,490,226,2080,1013,1025,0,4,4
659,551,551,1860,1860,675,0,1,2
52,362,362,2037,2037,785,0,2,2
996,0,0,0,0,1077,295,1,1
341,0,0,0,0,216,0,1,1
5037,0,0,0,0,216,0,1,1
5033,0,0,0,0,216,0,1,1
5031,0,0,0,0,216,0,1,1
1239,0,0,0,0,216,0,1,1
2846,0,0,0,0,216,0,1,1
3028,0,0,0,0,216,0,1,1
3029,0,0,0,0,216,0,1,1
3030,0,0,0,0,216,0,1,1
1721,0,0,0,0,216,37,1,1
4281,492,165,1397,154,1918,0,2,3
1146,492,165,2195,1523,1918,450,2,3
4246,0,0,0,0,340,0,1,1
5369,122,122,1620,1620,1778,0,2,2
1724,1238,1023,2434,1977,114,0,3,3
1535,129,129,2774,2774,315,0,2,2
1458,205,205,1179,1179,273,153,2,2
514,205,205,2752,2752,134,0,2,2
3174,501,299,3036,1807,203,0,3,3
1459,0,0,0,0,280,81,1,1
1034,0,0,0,0,334,0,1,1
1041,0,0,0,0,334,0,1,1
206,183,61,2327,2011,260,0,2,3
202,183,61,753,278,260,0,2,3
942,401,267,2537,2450,222,0,4,4
669,240,240,1785,1785,1525,0,1,2
4843,162,139,2467,261,3414,0,3,3
4842,194,49,2524,1689,3679,0,4,4
708,493,249,3393,1484,988,0,3,3
3666,0,0,0,0,156,0,1,1
3401,0,0,0,0,156,0,1,1
3400,0,0,0,0,156,0,1,1
817,0,0,0,0,156,0,1,1
1733,0,0,0,0,156,0,1,1
3650,0,0,0,0,156,0,1,1
833,0,0,0,0,156,0,1,1
1730,0,0,0,0,156,0,1,1
3398,0,0,0,0,156,0,1,1
1745,0,0,0,0,156,0,1,1
3648,0,0,0,0,156,0,1,1
3389,0,0,0,0,156,0,1,1
3388,0,0,0,0,156,0,1,1
821,0,0,0,0,156,0,1,1
820,0,0,0,0,156,0,1,1
819,0,0,0,0,156,0,1,1
818,0,0,0,0,156,0,1,1
3397,0,0,0,0,156,0,1,1
2970,0,0,0,0,156,0,1,1
2969,0,0,0,0,156,0,1,1
1595,0,0,0,0,156,0,1,1
816,0,0,0,0,156,0,1,1
3125,0,0,0,0,156,0,1,1
3124,0,0,0,0,156,0,1,1
3123,0,0,0,0,156,0,1,1
92,0,0,0,0,156,0,1,1
3699,0,0,0,0,156,0,1,1
3697,0,0,0,0,156,0,1,1
834,0,0,0,0,156,0,1,1
3664,0,0,0,0,156,0,1,1
1578,0,0,0,0,156,0,1,1
1506,46,46,941,941,91,0,2,2
5307,834,560,3600,1874,4715,0,5,7
425,161,161,2618,2171,14861,12,2,3
848,0,0,0,0,93,0,1,1
201,0,0,0,0,93,0,1,1
847,0,0,0,0,93,0,1,1
846,197,197,1126,1126,219,0,2,2
850,197,197,1679,1679,219,0,2,2
1278,197,197,3772,3772,219,0,2,2
1554,0,0,0,0,179,0,1,1
1555,0,0,0,0,179,0,1,1
2591,1890,466,1103,1071,106418,0,3,4
2590,1890,466,3672,1442,106418,10,3,4
1050,528,370,2392,1788,516,0,4,5
452,393,36,1659,1302,7870,30,1,4
4576,0,0,0,0,154,0,1,1
4578,0,0,0,0,154,0,1,1
3062,0,0,0,0,154,0,1,1
1006,0,0,0,0,154,0,1,1
1332,0,0,0,0,126,0,1,1
5351,186,55,2071,1645,408,0,3,3
5353,186,55,2798,617,408,0,3,3
5355,186,55,2319,1388,408,0,3,3
1728,0,0,0,0,94,0,1,1
1507,0,0,0,0,94,0,1,1
1515,0,0,0,0,94,3,1,1
4695,279,216,1909,655,8459,0,1,3
5322,0,0,0,0,823,0,1,1
2752,0,0,0,0,823,0,1,1
2748,967,201,2018,1107,2009,0,4,4
3410,1135,530,2811,2010,5286,0,6,9
1751,769,397,2350,1514,4510,0,4,6
1750,769,397,2802,1809,4510,2,4,6
655,769,382,3167,2202,3847,240,5,7
1625,0,0,0,0,945,0,1,1
1125,71,71,1547,1547,20271,0,1,2
1124,71,71,1198,1198,20271,0,1,2
4102,0,0,0,0,945,0,1,1
1211,0,0,0,0,288,0,1,1
1215,0,0,0,0,288,0,1,1
4857,764,493,3295,2194,2732,0,4,5
1235,764,636,2744,1969,3390,0,5,7
974,161,161,937,937,165,0,2,2
1188,59,59,1321,1321,7614,0,1,2
4724,117,117,2769,2769,226,0,2,2
4722,839,458,2307,1734,10619,0,3,5
4017,648,470,4516,2312,2253,0,5,6
2735,925,648,2571,1546,3162,0,9,11
3273,262,89,1777,1045,384,0,3,3
1408,394,161,2298,1689,370,158,3,3
851,0,0,0,0,268,0,1,1
1908,240,154,2762,2253,695,36,3,5
4572,0,0,0,0,1417,0,1,1
1716,0,0,0,0,285,0,1,1
1717,0,0,0,0,285,0,1,1
1824,0,0,0,0,85,0,1,1
220,307,113,2283,717,463,0,3,3
3332,300,190,2001,968,71,0,3,3
1283,191,123,2321,908,337,0,3,3
1282,445,254,1213,556,471,42,4,4
270,0,0,0,0,71,0,1,1
1007,340,150,4660,2262,1543,111,6,7
4615,77,77,2871,2871,4565,0,1,2
2361,442,338,1898,1350,5642,46,4,4
1519,0,0,0,0,255,0,1,1
1345,200,133,2286,1839,539,205,3,3
1344,118,118,1023,1023,905,102,2,2
3145,118,118,867,867,905,0,2,2
2257,317,286,2960,1635,1536,596,1,3
2419,418,418,1774,1774,48229,0,1,2
2418,418,418,1527,1527,48229,0,1,2
2417,418,418,886,886,48229,0,1,2
2416,418,418,2590,2590,48229,141,1,2
4957,418,418,1257,1257,48229,0,1,2
2553,418,418,1888,1888,48229,849,1,2
4376,418,418,121,121,48229,0,1,2
4403,418,418,2689,2689,48229,0,1,2
4402,418,418,3148,3148,48229,0,1,2
2432,418,418,504,504,48229,5455,1,2
4702,418,418,1651,1651,48229,0,1,2
2259,418,418,1761,1761,48229,1065,1,2
2960,0,0,0,0,150,0,1,1
2420,0,0,0,0,2915,68,1,1
890,0,0,0,0,48229,36525,1,1
4162,0,0,0,0,1033,0,1,1
4480,0,0,0,0,1033,0,1,1
427,0,0,0,0,1033,0,1,1
426,0,0,0,0,1033,0,1,1
3187,0,0,0,0,2249,0,1,1
3285,0,0,0,0,48229,0,1,1
1886,0,0,0,0,48229,0,1,1
1885,0,0,0,0,48229,2491,1,1
4076,0,0,0,0,85124,0,1,1
2220,0,0,0,0,85124,6921,1,1
2695,0,0,0,0,85124,21923,1,1
4078,0,0,0,0,85124,0,1,1
4678,0,0,0,0,85124,0,1,1
4679,0,0,0,0,85124,0,1,1
515,0,0,0,0,85124,649,1,1
4945,0,0,0,0,140636,0,1,1
4944,0,0,0,0,140636,0,1,1
4683,0,0,0,0,235900,0,1,1
1065,1749,1749,2036,2036,236025,0,1,2
4000,0,0,0,0,140636,0,1,1
2696,0,0,0,0,85124,13872,1,1
3166,0,0,0,0,110761,0,1,1
1106,0,0,0,0,110761,9313,1,1
1105,1917,1917,957,957,87451,19173,1,2
1107,1917,1917,883,883,107793,4014,1,2
700,1917,1917,1553,1553,107793,2343,1,2
796,0,0,0,0,105466,4339,1,1
1910,0,0,0,0,116919,16490,1,1
914,0,0,0,0,85124,481,1,1
4184,0,0,0,0,140636,0,1,1
1994,1917,1917,4524,4524,142963,1370,2,2
699,0,0,0,0,105466,1112,1,1
2479,0,0,0,0,69,15,1,1
2478,0,0,0,0,69,54,1,1
3176,0,0,0,0,69,0,1,1
2357,657,444,2282,1986,6393,1893,3,6
3168,0,0,0,0,117852,0,1,1
4738,0,0,0,0,117852,0,1,1
2889,0,0,0,0,117852,0,1,1
2888,0,0,0,0,117852,0,1,1
698,0,0,0,0,105466,2095,1,1
4062,0,0,0,0,396,0,1,1
2733,521,313,3408,1701,402,91,3,3
4922,538,389,1843,1261,1045,0,4,5
2300,231,126,2641,1591,604,143,3,4
4279,0,0,0,0,95264,0,1,1
4278,0,0,0,0,95264,0,1,1
2919,0,0,0,0,95264,0,1,1
4600,0,0,0,0,95264,0,1,1
2301,0,0,0,0,55512,0,1,1
1896,0,0,0,0,271,0,1,1
1895,0,0,0,0,271,26,1,1
96,344,344,833,833,10627,3246,2,2
3723,0,0,0,0,105466,0,1,1
2574,1890,1890,479,479,105600,0,2,2
2573,1890,1890,3623,3623,105600,21,2,2
3336,0,0,0,0,111294,0,1,1
713,0,0,0,0,111294,136,1,1
4140,0,0,0,0,111294,0,1,1
4139,0,0,0,0,111294,0,1,1
2008,0,0,0,0,111294,0,1,1
2007,0,0,0,0,111294,0,1,1
2006,0,0,0,0,111294,151,1,1
4005,1890,1890,3306,3306,105600,0,2,2
1134,1890,1890,2463,2463,105600,104,2,2
3080,1890,1890,306,306,105600,0,2,2
3371,1890,1890,2555,2555,105600,0,2,2
4326,1418,1418,340,340,105953,0,2,2
600,1418,1418,706,706,105953,0,2,2
599,1418,1418,619,619,105953,0,2,2
598,1418,1418,1106,1106,105953,12,2,2
3254,225,225,1937,1937,922,0,2,2
180,225,224,2809,1902,1081,69,3,3
2137,0,0,0,0,662,33,1,1
2136,0,0,0,0,662,12,1,1
4721,0,0,0,0,103036,0,1,1
2015,0,0,0,0,103036,0,1,1
2014,0,0,0,0,103036,0,1,1
2013,0,0,0,0,103036,112,1,1
2012,0,0,0,0,103036,0,1,1
2011,0,0,0,0,103036,0,1,1
1064,1749,1749,1235,1235,200855,0,2,2
1063,1749,1749,1939,1939,200855,5,2,2
468,0,0,0,0,85468,40,1,1
4114,0,0,0,0,136,0,1,1
5365,0,0,0,0,6030,0,1,1
3077,1148,546,3400,1371,2900,0,7,9
235,1582,728,3494,2223,4404,2014,9,12
2010,0,0,0,0,103036,0,1,1
2009,0,0,0,0,103036,0,1,1
3750,0,0,0,0,103036,0,1,1
3749,0,0,0,0,103036,0,1,1
647,0,0,0,0,103036,3,1,1
4658,0,0,0,0,103036,0,1,1
900,0,0,0,0,103036,0,1,1
899,0,0,0,0,103036,0,1,1
5216,1252,626,2887,1788,6884,0,7,8
5157,764,238,3073,1635,1439,0,4,4
4870,360,169,1723,1016,523,0,3,3
2781,351,351,1148,1148,500,0,2,2
4932,0,0,0,0,387,0,1,1
245,0,0,0,0,387,0,1,1
3276,579,482,2585,1993,5158,0,2,5
712,307,307,3222,3222,289,9,2,2
172,0,0,0,0,209,82,1,1
5009,0,0,0,0,209,0,1,1
526,0,0,0,0,63,24,1,1
367,400,214,2271,1410,892,91,4,5
1358,0,0,0,0,464,6,1,1
4590,429,373,2636,624,3732,0,3,3
3900,0,0,0,0,650,0,1,1
2127,244,188,2243,1810,1928,0,3,3
2126,244,188,2010,708,1928,87,3,3
494,382,382,2265,2265,840,50,1,2
4104,286,209,1666,1333,1125,0,4,5
3130,0,0,0,0,348,0,1,1
2890,1220,936,3073,2338,1351,34,3,3
2892,1220,936,2919,1710,811,32,3,3
4654,0,0,0,0,134,0,1,1
4653,0,0,0,0,134,0,1,1
956,0,0,0,0,149,0,1,1
2427,0,0,0,0,786,3,1,1
2646,1109,228,3436,2428,4944,1169,4,5
486,0,0,0,0,331,0,1,1
485,0,0,0,0,331,0,1,1
484,0,0,0,0,331,0,1,1
1497,0,0,0,0,196,14,1,1
1109,1273,725,3386,1914,7704,2970,6,10
181,0,0,0,0,100,20,1,1
2790,223,223,327,327,160,140,2,2
564,0,0,0,0,246,16,1,1
3330,290,290,2807,2807,488,0,1,2
1306,296,182,2077,973,4541,1813,3,4
2204,0,0,0,0,521,58,1,1
3772,0,0,0,0,107,0,1,1
3774,0,0,0,0,107,0,1,1
1698,0,0,0,0,107,0,1,1
1697,0,0,0,0,107,0,1,1
1700,0,0,0,0,107,0,1,1
1699,0,0,0,0,107,0,1,1
4329,534,243,2807,2322,970,0,4,4
1417,0,0,0,0,120,2,1,1
1028,810,431,3145,2548,21806,8964,2,7
2176,0,0,0,0,1250,872,1,1
1399,357,191,2085,1922,1135,202,3,4
551,0,0,0,0,496,281,1,1
2286,126,126,2721,2721,566,0,1,2
2285,126,106,2991,1056,1925,1134,2,3
2572,0,0,0,0,165,0,1,1
1245,163,100,2882,1405,1940,1010,2,3
4860,362,261,3155,1429,1940,0,3,4
4859,362,261,1398,720,1940,0,3,4
4864,163,163,1960,1960,1402,0,2,2
1012,431,331,2001,1498,21121,6859,2,5
2414,0,0,0,0,235,0,1,1
2514,0,0,0,0,235,6,1,1
2513,0,0,0,0,104,6,1,1
4537,0,0,0,0,235,0,1,1
2870,0,0,0,0,72,0,1,1
481,0,0,0,0,105,33,1,1
5272,86,86,1586,1586,313,0,2,2
2810,0,0,0,0,60,0,1,1
2789,0,0,0,0,60,0,1,1
1324,406,322,2677,830,2941,0,3,4
4814,0,0,0,0,306,0,1,1
2674,0,0,0,0,66,0,1,1
2673,0,0,0,0,66,0,1,1
2697,0,0,0,0,66,0,1,1
2629,0,0,0,0,72,0,1,1
5292,111,111,2343,2343,658,0,2,2
1990,0,0,0,0,269,0,1,1
2109,839,563,1885,1086,1272,0,4,5
2108,839,563,2561,1765,1272,564,4,5
2586,636,309,3004,2522,967,0,4,5
2585,636,309,2378,1687,1029,0,4,5
310,465,144,3214,1696,8621,1971,2,4
5338,117,73,3061,2127,730,0,3,3
2579,0,0,0,0,510,0,1,1
2581,0,0,0,0,510,510,1,1
2758,0,0,0,0,510,0,1,1
2181,0,0,0,0,1985,40,1,1
3049,0,0,0,0,60,0,1,1
2832,326,231,2261,1400,1812,54,4,4
5318,0,0,0,0,1384,0,1,1
5319,0,0,0,0,1384,0,1,1
5316,0,0,0,0,1384,0,1,1
2437,304,219,2231,1695,7794,1457,3,6
1813,243,240,3785,1369,840,27,3,4
513,0,0,0,0,1897,90,1,1
512,0,0,0,0,1897,72,1,1
2622,237,237,2959,2959,2876,1632,1,2
5230,237,237,2011,2011,2490,0,1,2
2557,1417,1053,3055,2049,4992,0,5,8
2556,1592,1053,4059,2028,4992,0,6,9
2555,1792,1288,3896,2089,5221,17,6,10
2563,1031,855,3211,2440,3149,167,4,4
2497,688,425,2430,1690,1735,36,4,4
2426,688,347,906,733,1518,86,3,3
2496,688,425,2731,1242,1735,654,4,4
1140,0,0,0,0,4416,0,1,1
4598,196,196,2117,2117,3793,0,2,2
687,75,75,1708,1708,626,29,2,2
2643,0,0,0,0,4776,0,1,1
2642,0,0,0,0,4776,933,1,1
4895,527,465,2480,1697,4351,0,3,4
2794,85,85,1543,1543,995,0,2,2
2793,85,85,840,840,995,0,2,2
2792,85,85,781,781,995,35,2,2
1843,524,444,3289,2277,454,56,3,3
26,0,0,0,0,132,80,1,1
236,1582,894,2944,1744,3443,0,3,5
3076,688,372,1246,745,2079,0,3,4
1619,153,153,1654,1654,361,4,2,2
4796,565,565,921,921,4227,0,2,2
2750,0,0,0,0,437,0,1,1
2245,1168,842,3063,2098,11039,100,3,4
2265,0,0,0,0,473,0,1,1
2554,524,524,2496,2496,390,0,2,2
887,0,0,0,0,267,54,1,1
95,502,502,1566,1566,4317,0,2,2
94,821,502,2789,1006,4379,238,2,3
1528,195,195,530,530,167,134,2,2
5049,195,195,1426,1426,167,0,2,2
5055,195,195,2172,2172,167,0,2,2
1512,208,195,2433,1336,327,47,3,3
2983,0,0,0,0,3053,0,1,1
2765,0,0,0,0,3053,0,1,1
5232,1417,920,3641,2477,7469,0,5,5
5231,1417,1288,3131,1616,7818,0,6,7
2161,1417,1288,3022,1845,25701,21575,5,8
2244,1168,906,3948,2554,3317,22,3,3
4112,906,906,1459,1459,3306,0,2,2
2330,906,906,3926,3926,3306,57,2,2
2329,0,0,0,0,2834,45,1,1
2536,0,0,0,0,2834,11,1,1
2233,0,0,0,0,211,20,1,1
1175,91,91,3216,3216,2565,0,2,2
4791,636,432,2612,1626,2650,0,3,4
2310,188,99,2325,1502,757,71,4,4
4523,188,99,1663,1422,677,0,3,3
2766,253,99,2679,1697,3655,0,4,5
2565,434,302,2189,1432,2091,74,5,6
433,918,648,2741,1260,919,206,5,5
4714,0,0,0,0,17883,0,1,1
2164,0,0,0,0,17883,0,1,1
3813,0,0,0,0,4712,0,1,1
2163,0,0,0,0,17021,5,1,1
4131,314,314,1603,1603,344,0,2,2
1927,188,59,2244,1015,1174,207,4,4
5053,0,0,0,0,102,0,1,1
5051,0,0,0,0,102,0,1,1
1959,88,88,3538,3538,216,147,2,2
2371,0,0,0,0,5916,134,1,1
2564,315,138,3412,1609,1053,57,4,4
731,0,0,0,0,571,0,1,1
1102,817,121,1205,630,1109,114,4,4
2280,65,65,1947,1947,133,31,2,2
2279,92,61,2581,1616,424,30,3,3
1141,92,61,2701,2632,424,0,3,3
2315,0,0,0,0,2854,10,1,1
3701,0,0,0,0,2854,0,1,1
3700,0,0,0,0,2854,0,1,1
4530,0,0,0,0,1029,0,1,1
2694,434,190,2989,2146,396,14,3,3
2693,434,190,2951,1887,396,30,3,3
2891,1220,936,2466,2287,1003,0,3,3
237,1582,320,1172,599,2281,0,2,3
319,0,0,0,0,120,0,1,1
2562,293,133,1875,1765,1550,125,3,3
2311,188,81,726,561,589,0,3,3
2231,0,0,0,0,4308,0,1,1
2230,0,0,0,0,4308,1,1,1
1075,313,223,1516,1197,639,208,5,5
1811,624,375,2007,1831,1172,59,3,3
1810,624,375,2370,912,1172,198,3,3
336,188,188,3660,3660,558,24,2,2
432,326,238,1563,1035,475,18,4,4
431,326,266,2980,792,553,68,3,3
430,326,191,2729,1281,645,107,4,4
2298,0,0,0,0,76,0,1,1
289,0,0,0,0,173,73,1,1
2993,0,0,0,0,348,0,1,1
2991,0,0,0,0,348,0,1,1
1923,0,0,0,0,61,21,1,1
392,0,0,0,0,2402,0,1,1
391,0,0,0,0,2402,0,1,1
390,0,0,0,0,2402,0,1,1
607,109,77,2269,1100,1069,72,3,4
11,0,0,0,0,1028,0,1,1
5339,0,0,0,0,523,0,1,1
3063,653,373,2510,1505,2320,0,3,3
1481,0,0,0,0,344,36,1,1
2785,100,66,987,842,737,15,3,3
2751,0,0,0,0,848,0,1,1
4712,0,0,0,0,1364,0,1,1
5356,0,0,0,0,293,0,1,1
5354,0,0,0,0,293,0,1,1
5352,0,0,0,0,293,0,1,1
259,266,266,2112,2112,370,0,2,2
282,0,0,0,0,158,68,1,1
5301,0,0,0,0,97,0,1,1
284,0,0,0,0,97,0,1,1
283,0,0,0,0,97,4,1,1
4001,0,0,0,0,2327,0,1,1
3075,0,0,0,0,395,0,1,1
2375,0,0,0,0,395,366,1,1
2820,0,0,0,0,395,0,1,1
5295,0,0,0,0,559,0,1,1
1013,0,0,0,0,559,169,1,1
601,0,0,0,0,118,0,1,1
606,0,0,0,0,118,0,1,1
605,0,0,0,0,118,0,1,1
4713,0,0,0,0,1299,0,1,1
1151,0,0,0,0,61,0,1,1
5090,0,0,0,0,61,0,1,1
5092,0,0,0,0,61,0,1,1
2787,24,24,1481,1481,1456,0,1,2
2786,24,24,1044,1044,1456,532,1,2
2519,66,66,534,534,533,210,2,2
4024,0,0,0,0,229,0,1,1
2625,0,0,0,0,229,0,1,1
2624,0,0,0,0,229,0,1,1
2623,0,0,0,0,229,0,1,1
3131,0,0,0,0,106,0,1,1
4929,0,0,0,0,293,0,1,1
4930,0,0,0,0,293,0,1,1
4931,0,0,0,0,293,0,1,1
1419,0,0,0,0,293,64,1,1
1420,0,0,0,0,293,85,1,1
3188,0,0,0,0,558,0,1,1
