trunkId, totalCost, maxCost, totalIterations, maxIter, totalSlope, maxSlope, totalBranches, maxBranches, sumOfTempCosts, maximalAvgK, count, maxCostIterationsCount, maxCostBranchesCount, maxBranchesIterationsCount
51,26.6166666666667,431,142,37,69,25,63,13,17.1333333333333,1.3,8,37,4,2
2618,1.7,102,4,4,0,0,12,12,0.85,1,1,4,12,4
1397,6.53333333333333,308,10,8,0,0,63,57,2.76666666666667,1.21276595744681,2,2,57,2
150,38.0833333333333,1299,65,25,1267,1225,54,20,14.8333333333333,1.25,6,5,17,3
1905,61.8666666666667,2841,111,67,90,72,62,22,76.15,1.66666666666667,5,67,17,2
559,358.95,7221,270,79,358,99,49,16,252.1,1.5,6,79,16,79
2613,51.6666666666667,1000,80,13,381,144,145,31,40.3,1.33333333333333,11,13,31,13
673,32.7,571,47,11,258,124,159,58,20.6333333333333,1.26666666666667,6,11,14,6
1445,20.9666666666667,471,77,22,96,37,75,19,15.45,1.2,7,22,5,11
2413,3.93333333333333,236,3,3,31,31,11,11,3.55,1.25,1,3,11,3
552,15.8833333333333,216,39,9,97,41,72,29,8.23333333333333,1.16666666666667,6,6,29,6
2835,2.05,123,2,2,0,0,20,20,0.766666666666667,1.33333333333333,1,2,20,2
1778,8.71666666666667,523,14,14,33,33,15,15,7.46666666666667,1.15384615384615,1,14,15,14
1279,3.05,97,7,5,0,0,8,5,1.81666666666667,1,2,2,3,5
2958,1.66666666666667,100,3,3,21,21,7,7,0.95,1.4,1,3,7,3
1704,11.7,609,17,15,41,41,17,9,5.6,1.14285714285714,2,15,9,15
82,5.11666666666667,181,12,7,0,0,24,18,2.33333333333333,1.33333333333333,2,7,6,5
1108,17.2166666666667,535,40,24,143,59,36,10,13.1666666666667,1.33333333333333,5,24,4,5
1416,8.65,201,33,12,23,17,24,8,5.5,1.2,4,8,6,12
975,6.81666666666667,409,7,7,103,103,21,21,3.6,1.25,1,7,21,7
1198,134.333333333333,2852,174,59,454,128,121,27,100.483333333333,1.33333333333333,10,42,10,8
895,8.05,150,24,8,82,39,20,8,3.86666666666667,1.33333333333333,4,8,3,5
797,6.68333333333333,159,11,5,18,18,41,19,4.31666666666667,1.21428571428571,3,2,19,2
1980,5.91666666666667,116,23,7,15,9,34,12,3.3,1.25,4,7,7,4
1955,5.36666666666667,100,12,4,0,0,35,14,2.8,1.2,4,2,8,4
639,30.8333333333333,403,69,11,220,106,52,12,10.1,1.33333333333333,10,10,5,3
1916,1.48333333333333,89,3,3,0,0,11,11,1.05,1.22222222222222,1,3,11,3
1907,2.31666666666667,139,8,8,46,46,13,13,3.75,1.5,1,8,13,8
2125,32.3166666666667,690,39,10,138,104,71,21,18.5,1.33333333333333,6,10,21,10
1930,67.2,912,78,22,523,251,77,17,45.9,1.33333333333333,13,22,5,7
2305,28.0333333333333,1593,74,69,49,35,23,15,16.9333333333333,1.14285714285714,2,69,8,5
2610,1.83333333333333,110,10,10,24,24,22,22,1.68333333333333,1.33333333333333,1,10,22,10
1165,46.1166666666667,754,34,9,143,121,23,4,24.8166666666667,1.5,7,7,4,7
1403,33.7333333333333,856,84,18,298,154,74,16,24.0166666666667,1.33333333333333,10,18,16,18
1574,17.0333333333333,272,32,9,61,26,37,9,8.28333333333333,1.33333333333333,7,3,5,9
2059,159.683333333333,3446,209,77,172,49,65,31,185.1,1.28571428571429,5,77,16,61
2189,39.55,929,48,12,260,126,78,20,28.1,1.5,8,9,20,9
2386,2.16666666666667,130,4,4,0,0,8,8,1.05,1.14285714285714,1,4,8,4
791,1.26666666666667,76,5,5,0,0,11,11,0.4,1.22222222222222,1,5,11,5
1644,1.13333333333333,68,5,5,0,0,11,11,1,1.1,1,5,11,5
2172,1247.76666666667,19890,286,70,1408,458,85,20,1262.63333333333,1.33333333333333,6,70,20,67
205,8.6,276,37,19,49,33,30,21,7.16666666666667,1.125,2,18,9,19
1536,1.35,81,6,6,0,0,9,9,0.183333333333333,1.125,1,6,9,6
1305,1.7,102,7,7,12,12,8,8,1.16666666666667,1.14285714285714,1,7,8,7
71,35.5666666666667,459,84,21,147,50,152,26,25.6833333333333,1.33333333333333,12,5,22,5
1154,115.966666666667,2968,103,25,625,282,153,50,54.6166666666667,1.4,8,16,50,16
2717,2.35,80,10,6,0,0,11,6,0.983333333333333,1,2,4,6,4
2757,2.35,141,8,8,6,6,4,4,0.383333333333333,1,1,8,4,8
2783,1.38333333333333,83,7,7,13,13,11,11,0.866666666666667,1.22222222222222,1,7,11,7
2931,1.03333333333333,62,8,8,0,0,3,3,0.516666666666667,1,1,8,3,8
2306,224,7383,238,74,337,162,75,17,211.2,1.5,6,74,14,28
543,5.91666666666667,128,30,16,10,10,17,5,3.21666666666667,1,4,16,5,5
364,21.3666666666667,1090,30,22,67,46,13,5,8.68333333333333,1.33333333333333,3,22,4,5
676,8.9,434,14,7,0,0,35,29,6.5,1.29411764705882,2,7,29,7
672,36.65,658,94,33,109,61,120,37,15.7166666666667,1.2,9,6,37,6
1979,100.1,4454,122,75,461,223,59,19,105.333333333333,1.16666666666667,5,75,6,12
1455,2.16666666666667,130,9,9,14,14,3,3,1.25,1,1,9,3,9
2243,45.6666666666667,1575,71,31,132,65,28,5,37.9,1.33333333333333,7,31,4,4
544,2.51666666666667,80,4,2,0,0,8,5,0.366666666666667,1,2,2,3,2
317,13.0166666666667,388,17,8,6,6,16,10,3.71666666666667,1.11111111111111,3,5,3,4
725,6.98333333333333,224,22,11,0,0,23,12,0.516666666666667,1.375,2,11,11,11
464,15.5166666666667,651,108,58,36,32,28,18,20.05,1.66666666666667,2,50,18,50
1097,21.2833333333333,1086,60,34,44,37,37,19,21.6666666666667,1.35714285714286,3,34,19,34
353,30.9333333333333,1411,27,14,186,165,45,28,30.2,1.16666666666667,3,14,28,14
2085,1,60,9,9,0,0,7,7,0.0666666666666667,1.16666666666667,1,9,7,9
387,32.8,209,88,11,209,77,160,20,13.45,1.22222222222222,14,6,13,6
2877,7.46666666666667,138,25,8,9,9,42,22,3.93333333333333,1.57142857142857,5,4,7,5
157,136.2,4853,126,59,209,91,42,21,146.85,1.33333333333333,5,59,21,59
1195,362.85,20547,82,18,1307,1225,68,11,103.283333333333,1.33333333333333,10,18,8,8
1045,211,9440,240,168,122,58,26,15,179.283333333333,1.22222222222222,3,168,3,35
1786,27.3833333333333,980,67,16,157,66,84,25,26.4666666666667,1.3125,6,16,25,16
2460,17.0833333333333,209,24,6,22,22,38,10,9.1,1.4,8,2,10,2
279,16.2833333333333,362,29,6,34,24,52,25,8.36666666666667,1.4,6,5,25,5
2292,3.2,127,9,5,32,32,10,7,2,1.16666666666667,2,5,3,4
229,145.2,4862,202,64,191,83,68,30,150.216666666667,1.15384615384615,5,62,30,62
2690,1.25,75,2,2,0,0,6,6,0.416666666666667,1,1,2,6,2
867,20.65,486,34,17,157,93,33,9,11.6,1.14285714285714,5,17,5,3
253,6.28333333333333,157,21,12,37,20,10,4,2.16666666666667,1,3,12,3,5
437,128.683333333333,2582,206,71,278,179,12,3,94.7333333333333,1,4,62,3,7
1771,30.2666666666667,939,108,53,80,43,38,11,25.35,1.28571428571429,5,53,5,33
1170,23.9166666666667,1299,33,29,124,73,15,8,19.5333333333333,1.14285714285714,2,29,8,29
1915,104.866666666667,2655,140,52,678,492,38,10,94.3666666666667,1.25,7,8,10,8
126,32.9166666666667,643,187,63,55,20,36,9,28.0166666666667,1.33333333333333,6,63,3,7
421,172.133333333333,5034,81,19,738,287,51,10,168.483333333333,1.2,10,19,10,19
1953,33.7333333333333,1387,25,12,264,146,82,44,34.6333333333333,1.30769230769231,3,12,44,12
2331,47.8,1558,31,14,344,130,17,6,46.5666666666667,1,4,14,6,14
2420,5828.33333333333,104648,171,43,26257,7466,257,65,6844.75,1.175,5,42,63,41
1822,5.25,315,13,13,31,31,9,9,5.45,1.125,1,13,9,13
1025,365.116666666667,10737,176,68,350,230,25,10,286.45,1.14285714285714,3,51,10,51
1227,143.333333333333,8600,22,22,656,656,34,34,120.6,1.21739130434783,1,22,34,22
148,1.71666666666667,103,2,2,0,0,9,9,0.266666666666667,1,1,2,9,2
631,149.566666666667,2760,77,26,1028,393,120,31,140.833333333333,1.21428571428571,6,17,25,7
829,55.4166666666667,2277,70,44,170,53,99,29,21.5,1.27272727272727,6,44,29,44
1987,20,295,71,14,87,26,86,18,12.5833333333333,1.23076923076923,10,11,18,11
1850,11.6833333333333,328,18,6,97,62,30,15,9.6,1.42857142857143,3,6,15,6
2915,126.466666666667,4378,85,19,731,350,93,23,93.2333333333333,1.33333333333333,8,12,23,12
1591,1.31666666666667,79,8,8,0,0,3,3,0.816666666666667,1,1,8,3,8
547,254.383333333333,3309,343,69,266,86,95,28,230.416666666667,1.33333333333333,6,48,9,69
136,3.58333333333333,120,11,9,7,7,13,10,1.86666666666667,1,2,9,3,2
2596,33.2333333333333,1670,25,19,273,221,45,27,43.3166666666667,1.28571428571429,2,19,27,19
2410,42.2333333333333,1781,21,7,351,252,39,10,30.85,1,6,7,10,7
896,53.0166666666667,2051,50,20,332,217,49,28,48.05,1.33333333333333,6,20,28,20
115,251.433333333333,7929,142,57,287,141,99,38,211.633333333333,1.28571428571429,7,57,22,11
2034,206.016666666667,3450,53,15,1569,345,47,14,143.8,1.25,5,15,11,9
2477,83.8333333333333,1088,80,17,542,157,57,12,85.4166666666667,1.5,6,12,12,12
753,145.433333333333,2318,241,58,226,69,54,14,163.633333333333,1.4,8,58,14,58
123,11.05,191,26,10,54,37,37,14,7.73333333333333,1.25,5,10,7,9
2106,281.016666666667,3745,136,30,1105,408,142,53,278.233333333333,1.57142857142857,8,24,53,24
2600,35.7166666666667,1935,22,12,222,222,30,15,38.7,1.25,3,12,15,12
2580,9.03333333333333,395,11,4,127,104,18,10,8.7,1.25,3,3,10,3
65,132.533333333333,1301,134,15,830,182,203,23,94.05,1.3,17,9,16,6
978,1888.35,78449,108,56,2425,1456,50,21,1559.13333333333,1.35714285714286,5,56,21,56
2703,19.9333333333333,430,56,19,126,76,27,6,17.9833333333333,1.25,6,19,6,19
1291,189.333333333333,3673,107,18,1685,879,138,26,126.65,1.5,12,6,20,2
1342,120.133333333333,2620,292,75,223,82,118,34,155.65,1.31578947368421,6,74,28,47
1642,28.3666666666667,1702,66,66,25,25,3,3,3.18333333333333,1,1,66,3,66
404,55.4833333333333,1038,126,42,235,63,66,16,47.7666666666667,1.4,8,38,9,12
885,87.6333333333333,1395,272,70,64,19,64,14,97.5666666666667,1.18181818181818,5,70,14,62
1860,43.6666666666667,1164,158,71,80,45,50,17,61.7666666666667,1.25,5,62,12,71
2857,3.48333333333333,127,13,7,0,0,7,4,0.366666666666667,1,2,6,3,7
13,24.7333333333333,1142,30,20,151,70,12,6,22.25,1.5,3,20,3,5
470,12.0166666666667,277,20,6,55,55,52,16,4.35,1.11111111111111,4,5,6,6
4834,9.96666666666667,307,15,9,215,215,43,25,8.96666666666667,1.19047619047619,2,6,18,9
1548,12.75,562,27,11,121,98,13,5,10.0833333333333,1.25,3,11,5,5
1936,10.8,487,17,9,120,95,9,6,8.25,1.5,2,8,6,8
309,273.216666666667,6128,233,60,340,119,91,32,259.183333333333,1.5,5,58,31,55
1404,43.9333333333333,1193,60,28,131,52,53,22,31.2666666666667,1.5,4,18,22,18
1425,60.6166666666667,1794,41,9,611,345,59,24,27.05,1.25,6,8,12,7
2214,336.316666666667,11843,206,58,1371,979,114,29,187.716666666667,1.27272727272727,6,44,10,54
375,96.7,2340,97,28,450,151,50,10,87.1333333333333,1.5,8,28,10,28
396,19.0333333333333,325,41,10,162,41,78,29,14.2333333333333,1.16666666666667,5,10,12,6
2592,66,682,71,14,405,108,148,33,36.2666666666667,1.11111111111111,15,14,10,7
2223,34.75,903,81,30,139,51,51,23,34.2333333333333,1.33333333333333,7,30,23,30
1788,15.6666666666667,189,46,12,74,23,35,8,9.83333333333333,1.16666666666667,7,8,7,8
1917,537.116666666667,21277,351,72,575,390,92,33,593.45,1.30769230769231,5,72,33,72
2173,11.5166666666667,287,18,8,154,113,15,7,7.75,1.25,3,6,5,8
193,173.666666666667,2373,69,15,992,353,94,17,118.3,1.55555555555556,9,15,10,4
825,95.3333333333333,5720,58,58,105,105,9,9,28.7,1.5,1,58,9,58
2393,158.116666666667,2451,358,84,139,34,52,17,159.033333333333,1.14285714285714,5,77,6,84
171,264.483333333333,8919,191,69,258,136,25,15,205.433333333333,1.33333333333333,3,69,6,57
320,9.38333333333333,251,15,7,17,17,12,5,1.78333333333333,1,3,2,4,7
1992,170.433333333333,5126,241,64,383,223,29,10,23.45,1.125,4,64,10,64
2788,637.616666666667,11666,253,67,639,194,65,26,539.5,1.54545454545455,4,62,22,62
1167,6.16666666666667,156,11,5,60,60,18,9,3.48333333333333,1,3,4,5,5
1246,215.566666666667,3676,271,69,770,307,153,30,240.05,1.55555555555556,7,57,30,57
2053,63.4666666666667,1725,46,10,555,256,63,20,43.9666666666667,1.25,6,9,20,9
2355,14.4,864,21,21,45,45,11,11,17.5,1.375,1,21,11,21
2449,22.3,356,66,15,269,109,40,23,19.1833333333333,1.33333333333333,6,15,4,14
2465,27.4,254,55,8,87,24,58,10,13.3666666666667,1.4,11,2,4,6
165,81.6333333333333,2092,130,16,509,179,154,21,68.8666666666667,1.33333333333333,17,13,21,13
1204,102.5,2262,112,34,313,109,91,17,47.1166666666667,1.2,10,34,9,7
1689,18.3666666666667,734,52,35,148,123,39,26,16.2,1.16666666666667,3,9,26,9
1842,10.4666666666667,308,22,8,107,49,19,7,7.55,1.2,3,7,7,7
2123,53.7333333333333,967,122,54,487,206,42,14,51.4166666666667,1.66666666666667,6,54,14,54
2561,10.9666666666667,345,12,6,107,60,37,18,5.95,1.27272727272727,3,4,18,4
2759,24.35,555,60,10,289,139,63,12,23.3166666666667,1.4,8,8,7,9
1134,11.45,221,24,11,68,68,63,22,3.63333333333333,1.1,5,3,22,3
865,43.3833333333333,838,93,23,348,140,59,21,37.3833333333333,1.5,8,22,6,6
998,191.383333333333,4537,53,15,1326,386,20,4,180.433333333333,1,5,14,4,15
1794,3.88333333333333,139,11,8,14,14,11,7,2.35,1.33333333333333,2,3,7,3
38,14285.7666666667,438624,153,36,35864,16325,98,40,14469.1,1.33333333333333,9,32,40,32
380,22.8833333333333,1073,24,15,144,100,30,22,28.7666666666667,1.26666666666667,3,15,22,15
625,94.6,2306,160,64,292,99,70,15,80.1166666666667,1.4,9,64,15,64
845,129.5,2058,128,24,585,152,72,8,107.466666666667,1.33333333333333,17,13,3,5
2359,25.3333333333333,664,66,17,84,55,72,21,14.7,1.42857142857143,7,9,13,9
2183,14.1,221,39,11,40,34,38,14,8.7,1.33333333333333,7,6,5,5
1268,75.8333333333333,1448,140,46,286,100,40,12,74.7666666666667,1.33333333333333,7,34,12,34
1550,6.03333333333333,362,11,11,40,40,5,5,5.55,1.66666666666667,1,11,5,11
1734,1.71666666666667,103,8,8,12,12,3,3,0.8,1,1,8,3,8
343,32.4333333333333,443,37,11,354,176,38,9,14.5166666666667,1.25,6,11,7,8
1522,28.6,486,39,8,282,108,54,13,20.7333333333333,1.25,8,5,9,4
2307,54.6,942,95,33,547,124,100,16,50.2,1.33333333333333,11,33,15,6
2515,39.55,544,65,11,228,65,48,22,26.4833333333333,1.5,7,11,6,10
1366,21.4166666666667,854,44,27,57,32,9,3,12.1333333333333,1,3,27,3,27
2398,50.2333333333333,1894,21,7,902,861,59,19,11.2333333333333,1.23076923076923,4,6,19,6
2021,4.46666666666667,268,3,3,0,0,16,16,0.966666666666667,1,1,3,16,3
1161,66.5,705,56,9,473,176,52,6,42.4333333333333,1.66666666666667,11,6,6,9
1341,11.85,187,40,9,117,49,26,6,8.25,1.33333333333333,6,9,6,9
1236,5.73333333333333,189,8,5,31,31,11,6,3.53333333333333,1,2,5,5,3
1495,4.88333333333333,157,7,4,0,0,9,6,2.18333333333333,1,2,3,6,3
2531,33.7333333333333,958,52,17,222,94,48,13,25.4166666666667,1.5,7,17,13,17
626,53.7666666666667,940,92,17,283,102,133,51,56.5333333333333,1.5,9,17,20,9
671,24,676,67,23,67,29,40,11,17,1,7,23,4,6
2209,10.8166666666667,429,14,11,106,65,7,4,7.56666666666667,1.33333333333333,2,11,4,11
2487,13.0833333333333,198,28,9,26,18,43,13,5.78333333333333,1.2,5,2,12,6
541,71.7166666666667,2804,44,15,451,247,30,8,69.7666666666667,1.33333333333333,5,12,8,3
1015,19.1166666666667,283,52,12,71,32,60,16,9.28333333333333,1.23076923076923,8,6,16,7
1431,91.5666666666667,1770,162,51,130,40,45,15,72.7666666666667,1.16666666666667,7,41,5,45
1755,13.4333333333333,493,17,13,10,10,11,8,9.68333333333333,1.33333333333333,2,13,8,13
2899,2254.5,51762,78,25,10652,3024,85,39,2154.46666666667,1.21875,6,25,12,9
407,35.5,711,65,15,272,66,52,11,26.4833333333333,1.16666666666667,8,15,11,15
748,40.6833333333333,671,64,12,176,109,54,22,24.05,1.29411764705882,6,9,22,9
469,156.366666666667,2534,203,55,738,388,90,17,110.416666666667,1.13333333333333,8,54,11,53
842,99.7666666666667,1476,87,20,465,100,53,11,58.7166666666667,1.5,9,12,11,12
879,230.3,6579,58,21,1388,571,86,40,264.45,1.25,5,21,19,15
949,42.65,367,70,10,468,134,109,14,27.8,1.22222222222222,11,9,12,6
2137,14.0166666666667,333,27,11,147,59,32,21,10.0166666666667,1.10526315789474,4,5,21,5
1606,8.83333333333333,357,26,16,22,22,31,14,8.51666666666667,1.25,3,16,14,16
2400,171.116666666667,4154,110,15,1336,556,127,20,58.0666666666667,1.25,13,11,18,4
2074,19.3666666666667,247,39,6,13,13,100,18,4.01666666666667,1.28571428571429,11,4,18,4
668,26.4166666666667,637,37,11,160,81,43,18,21.3,1.5,6,11,7,3
862,18.35,889,63,54,63,47,15,8,25.65,1.33333333333333,2,54,8,54
1792,8.78333333333333,254,13,5,0,0,11,5,4.76666666666667,1,3,5,3,5
2470,55.5166666666667,2972,52,22,166,154,69,45,47.0333333333333,1.125,4,16,45,16
2489,246.216666666667,5658,322,67,468,192,65,23,203.716666666667,1.33333333333333,7,67,12,3
553,33.8833333333333,660,69,14,256,95,52,13,26.1166666666667,1.5,8,14,13,14
1164,90.0833333333333,2859,53,28,111,80,47,22,45.6666666666667,1.38461538461538,6,28,11,5
2433,29.7666666666667,1417,29,15,192,112,50,42,14.8666666666667,1.16666666666667,3,15,42,15
2447,279.933333333333,7554,44,12,1076,591,47,21,210.483333333333,1.5,5,10,21,10
1725,21.6166666666667,799,22,6,170,98,64,25,12.85,1.2,5,6,25,6
356,3.7,145,7,4,31,31,7,4,1.76666666666667,1.5,2,4,3,3
401,35.3666666666667,1522,84,54,56,27,14,7,33.2666666666667,1.5,3,54,7,54
505,82.25,1646,46,11,732,303,45,11,67.7666666666667,1.25,7,9,7,6
1430,30.3166666666667,732,38,10,156,58,35,10,9.21666666666667,1.2,6,10,10,10
2054,71.9166666666667,1281,108,22,253,86,190,27,45.6333333333333,1.2,14,22,4,5
2159,57.9333333333333,2127,31,13,515,322,20,9,42.7166666666667,1,3,13,9,13
167,45.4333333333333,1490,93,56,66,39,33,16,25.85,1.66666666666667,4,56,16,56
832,11.3,249,48,12,10,7,40,14,5.38333333333333,1.33333333333333,6,10,4,8
1628,52.65,1988,115,48,360,250,46,18,42.0666666666667,1.3,4,48,18,48
2589,9.55,189,14,4,105,91,29,9,4.88333333333333,1,4,4,9,4
373,27.35,1142,81,39,253,173,46,21,22.6833333333333,1.26666666666667,3,39,19,9
664,143.2,3783,143,55,420,148,83,24,106.716666666667,1.28571428571429,6,32,14,55
2746,17.5,366,47,8,257,126,58,17,10.4333333333333,1,7,7,17,7
555,2.31666666666667,139,6,6,39,39,5,5,0.833333333333333,1.25,1,6,5,6
1339,18.2333333333333,270,38,12,70,35,24,4,5.88333333333333,1,6,6,4,4
2626,80.4333333333333,4359,29,12,42,21,15,9,22.2666666666667,1.125,3,7,9,7
535,53.4166666666667,1779,107,26,254,130,66,18,45.3666666666667,1.2,9,26,16,6
1002,58.2333333333333,969,69,20,467,212,134,28,44.3333333333333,1.28571428571429,9,8,28,8
2314,96.3833333333333,1745,64,14,604,211,74,21,74.9666666666667,1.2,8,10,9,5
2336,21.2166666666667,337,34,7,320,137,56,15,19.3666666666667,1.33333333333333,6,7,15,7
2914,148.716666666667,3048,92,39,963,682,67,21,133.616666666667,1.17647058823529,5,27,10,14
2762,11,514,19,9,120,120,15,6,8.98333333333333,1.33333333333333,3,9,6,9
704,51.5833333333333,610,55,9,532,261,85,17,21.3333333333333,1.5,10,6,13,5
1385,5.81666666666667,288,13,8,0,0,6,3,0.783333333333333,1,2,8,3,8
2811,239.083333333333,4078,248,55,340,104,87,25,236.3,1.23529411764706,5,47,25,50
493,107.766666666667,4044,112,52,181,79,30,10,45.05,1.11111111111111,4,52,7,5
1190,285.283333333333,4705,85,15,2357,565,112,23,243.3,1.25,9,11,15,15
1254,121.133333333333,3228,45,13,2056,1495,85,17,96.5666666666667,1.125,8,6,17,6
2341,38.9,351,100,18,206,92,129,20,18.5166666666667,1.28571428571429,13,11,19,4
1354,125.716666666667,6206,71,41,565,268,48,12,118.733333333333,1.125,5,41,10,11
1922,22.9,502,33,7,278,172,49,20,10.8,1.25,6,7,13,7
104,13.7166666666667,371,23,7,96,56,13,4,6.13333333333333,1,4,7,4,7
644,31.95,1065,73,30,66,32,69,15,25.0166666666667,1,8,30,8,6
1524,23.35,678,24,5,29,29,48,15,10.0166666666667,1.25,7,4,7,3
1018,61.6166666666667,2297,26,10,300,198,20,6,39.0166666666667,1.25,4,10,3,6
709,465.466666666667,8486,80,14,1595,543,47,7,283.966666666667,1.5,12,13,3,3
2194,26.15,1056,40,20,57,36,20,12,14.9,1.09090909090909,3,14,12,14
140,60.2666666666667,1654,75,46,130,89,68,31,37.6166666666667,1.14814814814815,4,46,10,8
2744,207.333333333333,3177,56,12,1744,634,58,19,88.2,1.11111111111111,5,11,10,11
1144,266.766666666667,8072,116,52,491,195,49,17,269.033333333333,1.18181818181818,4,43,17,43
1030,4.18333333333333,251,3,3,0,0,11,11,0.766666666666667,1.1,1,3,11,3
2894,21.4333333333333,310,67,14,109,28,41,9,10.35,1,9,2,9,2
1313,364.316666666667,13842,157,49,1058,555,110,28,195.783333333333,1.33333333333333,8,49,17,8
2436,28.2333333333333,765,41,11,264,145,22,5,18.0666666666667,1.25,6,10,4,8
116,120.883333333333,1109,83,11,588,109,86,19,61.7333333333333,1.33333333333333,14,11,8,10
1897,9.9,148,34,9,51,29,19,5,6.36666666666667,1.33333333333333,5,9,5,9
2334,8.13333333333333,209,22,9,66,66,14,7,3.73333333333333,1.5,3,9,4,7
2726,10.0166666666667,462,27,16,56,56,14,5,7.33333333333333,1,3,16,4,6
1448,42.3333333333333,1358,59,22,207,148,33,12,14.7166666666667,1.16666666666667,4,22,12,22
2040,139.366666666667,1598,117,16,1163,234,82,16,117.65,1.66666666666667,13,16,16,16
1761,20.05,456,52,24,103,73,33,12,11.9333333333333,1.5,7,24,4,13
2547,14.1,577,38,21,50,26,13,5,11.2333333333333,1.5,3,21,5,21
118,97.1,2824,15,7,481,481,64,55,25.4,1.17021276595745,3,7,5,3
1705,137.183333333333,2323,272,76,147,36,35,9,119.9,1.33333333333333,5,70,9,24
1127,38.95,2199,84,68,33,33,24,13,49.7333333333333,1.18181818181818,3,68,13,68
1163,42.6833333333333,1440,31,13,329,137,36,17,28.8333333333333,1.5,3,13,17,13
2795,67.7,1236,213,60,55,22,18,3,39.05,1,6,59,3,23
2667,76.8833333333333,1819,81,28,180,73,60,18,33.4333333333333,1.14285714285714,5,28,18,28
5364,54.9333333333333,1666,122,58,81,31,36,16,52.75,1.5,4,58,8,13
877,10.3833333333333,235,19,7,0,0,32,13,2.48333333333333,1.14285714285714,4,4,6,7
299,3.61666666666667,142,12,7,31,31,7,4,1.91666666666667,1,2,7,3,5
1356,198.316666666667,4540,57,17,1397,426,28,7,188.066666666667,1,8,11,3,5
1076,11.4,229,20,5,11,11,24,8,7.16666666666667,1.25,5,5,3,4
1026,23.6333333333333,231,84,19,90,31,117,17,14.9333333333333,1.30769230769231,11,19,11,5
1289,4.46666666666667,164,5,3,21,21,7,4,0.666666666666667,1,2,3,4,3
1490,11,239,14,5,23,23,42,16,7.45,1.33333333333333,4,4,11,2
2724,11.8166666666667,200,31,8,77,52,27,5,6.75,1,7,8,5,5
161,36.3833333333333,527,67,14,305,102,81,15,23.9833333333333,1.375,10,14,12,7
565,50.8666666666667,555,60,10,394,210,82,14,24.4,1.33333333333333,11,6,5,10
2633,12.5166666666667,498,24,11,54,33,14,8,5.01666666666667,1,3,11,8,11
1547,11.4,525,17,11,26,26,14,7,4.4,1.16666666666667,2,11,7,11
517,53.1166666666667,1507,43,17,240,95,55,18,7.8,1.28571428571429,6,17,18,17
2448,15.0333333333333,564,20,10,60,60,17,11,3.21666666666667,1,2,10,6,10
1395,2.46666666666667,148,5,5,18,18,6,6,1.06666666666667,1,1,5,6,5
1264,30.8166666666667,861,45,10,381,177,66,35,30.45,1.66666666666667,6,7,15,7
756,5.28333333333333,188,8,5,13,13,14,9,1.81666666666667,1.125,2,3,5,5
988,14.35,179,53,12,21,14,72,15,5.63333333333333,1.2,8,12,8,7
2875,1.93333333333333,116,3,3,0,0,10,10,0.566666666666667,1,1,3,10,3
2290,32.8666666666667,470,71,22,115,62,73,22,16.4,1.6,10,22,9,3
0,655.816666666667,33852,299,259,1131,399,75,14,461.116666666667,1.14285714285714,7,259,5,2
1460,9.05,163,34,10,21,14,23,6,6.05,1.2,5,10,6,7
2593,1.05,63,7,7,0,0,6,6,0.233333333333333,1.2,1,7,6,7
122,6.16666666666667,193,4,2,0,0,13,7,1.71666666666667,1.16666666666667,2,2,6,2
785,28.1666666666667,445,44,8,159,103,64,8,22.3,1.66666666666667,12,6,8,6
713,25.35,870,15,9,350,259,42,29,14.55,1.11538461538462,2,6,29,6
1249,18.8333333333333,372,26,6,270,127,40,14,7.63333333333333,1.14285714285714,6,4,14,4
1066,114.983333333333,2773,83,26,440,110,101,14,89.6333333333333,1.2,13,26,11,7
36,87.5333333333333,5055,57,37,415,410,23,17,113.416666666667,1.22222222222222,2,37,17,37
863,1.4,84,12,12,2,2,7,7,0.333333333333333,1,1,12,7,12
2339,47.05,1053,63,16,321,143,107,21,17.7333333333333,1.25,9,16,16,5
1443,597.183333333333,10030,119,28,2429,791,96,23,552.6,1.42857142857143,6,28,23,28
2518,28.8333333333333,1594,13,11,2,2,44,37,10.0166666666667,1.27777777777778,2,11,37,11
779,87.45,3415,35,19,232,193,32,18,57.3166666666667,1.2,3,19,8,11
497,35.6833333333333,1708,71,26,97,78,55,23,42.3666666666667,1.3125,5,26,23,26
647,63.8166666666667,2089,101,38,132,55,58,21,48.5833333333333,1.16666666666667,5,38,12,9
1963,22.4666666666667,334,56,16,132,33,39,14,18.8166666666667,1.18181818181818,7,10,14,10
2224,2.2,132,4,4,50,50,3,3,2.01666666666667,1,1,4,3,4
2512,7.4,180,20,6,62,38,36,15,3.1,1.2,4,6,6,3
355,4.01666666666667,109,11,7,0,0,13,6,2.43333333333333,1.2,3,2,6,2
939,6.7,402,2,2,0,0,7,7,4.23333333333333,1.16666666666667,1,2,7,2
2817,101.233333333333,2583,127,51,336,270,67,32,110.766666666667,1.35714285714286,4,24,32,24
1600,124.55,2826,151,58,162,73,29,8,31.1,1,4,58,8,54
365,28.2,702,38,14,263,111,42,19,20.4166666666667,1.14285714285714,3,14,5,10
1189,82.35,1491,119,40,674,304,119,26,59.8833333333333,1.25,12,9,26,9
2821,34.7,492,129,23,85,43,108,16,15.3833333333333,1.25,13,23,6,7
1020,21.15,377,24,12,116,89,56,17,10.0333333333333,1.16666666666667,5,3,10,12
1272,37.65,922,45,10,215,139,70,18,18.6333333333333,1.22222222222222,8,10,15,9
1764,138.966666666667,3633,112,49,279,109,30,12,77.1833333333333,1.33333333333333,4,49,3,15
273,20.1833333333333,337,40,10,65,37,42,8,11.2333333333333,1.16666666666667,7,10,5,3
2041,13.95,837,22,22,66,66,8,8,19.9,1.4,1,22,8,22
2136,3.53333333333333,137,9,6,21,21,7,4,1.3,1.5,2,6,3,3
2188,35.2,519,69,16,198,85,88,20,21.5833333333333,1.33333333333333,11,16,5,13
22,2.86666666666667,172,2,2,0,0,5,5,0.266666666666667,1,1,2,5,2
257,35.6,664,29,11,295,148,20,7,27.9166666666667,1,5,11,7,11
654,2.93333333333333,107,8,6,26,26,7,4,1.61666666666667,1.5,2,6,4,6
1162,114.083333333333,3912,39,13,697,526,22,6,111.1,1.33333333333333,6,10,3,9
1229,52.8666666666667,3172,70,70,50,50,6,6,42.55,1,1,70,6,70
720,274.716666666667,3782,154,22,1160,382,117,12,163.516666666667,1.33333333333333,16,14,9,15
2695,2540.78333333333,111937,58,30,6897,6897,49,20,2583.4,1.21428571428571,3,30,20,30
2365,32,1331,42,16,113,76,27,12,29.7666666666667,1.2,4,16,12,16
1410,13.2833333333333,303,34,11,71,26,29,12,8.2,1.5,4,11,4,5
2761,11.5333333333333,194,29,11,94,47,29,7,4.33333333333333,1.4,5,11,7,5
924,13.5833333333333,438,21,6,63,63,51,32,9.13333333333333,1.27272727272727,4,6,32,6
2541,55.4166666666667,1839,53,19,272,122,63,16,45,1.33333333333333,6,19,16,19
913,14.3666666666667,226,27,8,15,11,42,8,8,1.33333333333333,7,8,7,3
1169,2.51666666666667,85,12,8,3,3,15,10,1.83333333333333,1.16666666666667,2,8,10,8
2716,2.53333333333333,152,5,5,81,81,4,4,2.53333333333333,1,1,5,4,5
79,49.8166666666667,1010,59,14,386,207,50,10,16.7333333333333,1.2,9,14,10,14
2611,39.3333333333333,511,103,25,201,34,101,14,34.9666666666667,1.4,11,25,13,2
2268,1.85,111,48,48,8,8,3,3,0.9,1,1,48,3,48
1406,6.68333333333333,190,11,5,0,0,18,10,2.75,1.25,3,5,10,5
702,67.4,2425,92,42,157,69,17,6,56.55,1.5,4,42,6,42
2006,39.0333333333333,1059,69,29,101,47,50,14,24.1,1.16666666666667,6,29,12,2
1585,15.2,277,40,11,114,35,49,18,10.2333333333333,1.25,5,8,6,7
684,85.0166666666667,2251,166,30,295,86,131,20,82.4666666666667,1.33333333333333,11,27,20,27
1119,2.55,153,5,5,14,14,3,3,2.06666666666667,1,1,5,3,5
1292,20.0833333333333,640,34,8,164,95,55,20,12.5166666666667,1.33333333333333,6,7,20,7
1846,6.65,268,11,6,43,41,10,4,5.75,1,3,6,4,6
2133,2.68333333333333,161,4,4,0,0,8,8,2.65,1.25,1,4,8,4
2689,11.1,190,21,7,117,79,26,8,6.58333333333333,1.25,5,4,3,3
2174,15.4666666666667,257,17,4,20,20,29,8,10.15,1.25,6,3,4,2
2876,9.56666666666667,161,24,7,105,81,19,4,5.55,1,6,4,4,4
292,219.816666666667,6324,197,63,285,105,63,21,204.05,1.4,6,63,21,63
550,258.166666666667,7695,183,63,192,87,21,11,75.4833333333333,1.5,4,63,11,63
413,10.4166666666667,268,12,5,86,52,20,9,1.06666666666667,1.2,3,4,5,5
1837,11.45,281,16,5,0,0,26,8,2.76666666666667,1.14285714285714,4,4,4,5
508,35.3333333333333,692,62,12,232,75,82,23,25.85,1.33333333333333,8,11,23,11
370,27.3833333333333,462,67,16,239,108,70,16,18.3666666666667,1.33333333333333,8,13,11,3
1450,7.41666666666667,151,17,5,18,16,39,12,3.3,1,4,5,10,2
357,10.5333333333333,239,16,4,178,178,22,6,3.7,1.5,5,3,5,3
518,12.5833333333333,397,10,5,0,0,36,16,4.56666666666667,1.14285714285714,3,2,16,2
326,2.45,147,2,2,0,0,3,3,1.63333333333333,1,1,2,3,2
2482,41.95,724,67,26,151,63,86,18,21.15,1.16666666666667,10,26,6,7
1296,122.883333333333,2716,130,24,958,530,111,49,123.916666666667,1.35714285714286,7,20,49,20
108,8.48333333333333,131,17,6,26,26,41,14,5.63333333333333,1.28571428571429,5,6,14,6
418,5.63333333333333,256,13,8,4,4,20,11,5.7,1.4,2,5,11,5
2552,18,304,45,11,157,141,73,24,14.65,1.5,6,10,19,10
617,16.5333333333333,201,44,12,159,63,44,11,7.98333333333333,1.33333333333333,7,6,5,6
1806,5.25,249,12,10,27,27,7,4,4.38333333333333,1.33333333333333,2,10,4,10
124,34.65,710,59,11,334,82,52,9,18.7666666666667,1.33333333333333,10,9,9,9
2713,1.3,78,2,2,0,0,3,3,0.45,1,1,2,3,2
2520,12.8833333333333,170,17,4,3,3,53,14,3.65,1.5,6,2,9,3
1983,7.85,180,14,4,150,119,20,7,6.11666666666667,1.2,4,3,7,3
2132,31.9666666666667,1448,27,7,1414,1370,72,53,17.5666666666667,1.44444444444444,5,7,53,7
566,23.9166666666667,681,44,12,147,52,46,12,11.0166666666667,1.57142857142857,6,12,12,12
1849,30.4333333333333,526,53,14,132,56,52,19,20.8833333333333,1.33333333333333,7,8,19,8
744,24.0666666666667,492,27,7,99,99,26,5,12.5333333333333,1.25,6,2,5,5
1120,18.5833333333333,398,53,15,80,24,24,6,13.2166666666667,1.66666666666667,6,15,5,8
498,39.1666666666667,769,74,19,401,119,65,13,32.3333333333333,1.16666666666667,9,19,5,7
2481,12.6166666666667,193,43,11,69,40,43,9,6.16666666666667,1.33333333333333,6,9,9,9
1428,36.1,554,60,9,150,38,39,7,15.5166666666667,1,10,9,3,2
922,5.51666666666667,135,12,6,0,0,14,6,2.66666666666667,1.5,3,3,5,3
1647,17.1333333333333,267,38,10,91,35,23,4,9.41666666666667,1.33333333333333,7,2,3,3
915,13.0333333333333,399,17,6,44,44,39,25,3.71666666666667,1.19047619047619,3,6,25,6
143,62.9166666666667,1120,76,18,567,214,89,15,49.4166666666667,1.33333333333333,11,9,15,9
758,12.5833333333333,190,38,7,105,75,36,8,8.21666666666667,1.33333333333333,7,6,4,4
57,6.71666666666667,201,14,6,7,7,12,5,4.15,1.66666666666667,3,6,3,6
1529,16.2833333333333,695,14,5,218,162,27,18,10.8333333333333,1.2,4,5,18,5
2698,4766.91666666667,284548,30,28,11808,11808,71,62,5057.76666666667,1.13333333333333,2,28,62,28
2854,30.5666666666667,511,55,13,126,51,55,9,14.6666666666667,1.33333333333333,10,6,8,13
1504,4.15,249,4,4,21,21,12,12,0.9,1.11111111111111,1,4,12,4
2283,44.5166666666667,905,169,63,158,68,76,16,47.2166666666667,1.25,8,63,16,63
1126,5.23333333333333,157,24,10,13,11,21,8,1.51666666666667,1,3,5,8,5
2864,16.5833333333333,321,26,6,35,35,25,6,7.28333333333333,1.33333333333333,6,5,3,3
1672,10.5833333333333,296,14,5,36,36,25,9,1.15,1.25,4,2,9,2
2409,5.55,143,14,5,22,22,11,4,3.56666666666667,1,3,5,4,5
4653,24.1833333333333,744,23,10,161,101,24,6,9.8,1,4,10,6,4
2220,3321.65,181643,53,38,7030,5144,55,20,3254.2,1.25,5,38,20,38
2805,7.08333333333333,196,15,6,58,45,10,4,4.13333333333333,1.5,3,6,3,4
1210,55.3166666666667,1404,76,28,238,120,56,20,45.7166666666667,1.2,8,28,5,13
2893,1.96666666666667,118,6,6,4,4,5,5,1.3,1,1,6,5,6
1446,29.6,255,72,14,110,61,118,18,11.15,1.2,10,8,18,6
2666,7.71666666666667,148,37,12,17,11,31,10,2.21666666666667,1.16666666666667,4,11,10,11
374,4.88333333333333,80,19,6,0,0,17,5,1.83333333333333,1,4,6,4,6
379,17.9666666666667,514,56,20,63,22,24,8,15.05,1.2,5,20,7,7
1338,8.21666666666667,171,57,20,32,18,12,3,1.95,1,4,14,3,14
930,21.8,408,68,17,123,46,75,18,14.5333333333333,1.4,7,16,17,5
596,2.85,106,4,2,0,0,7,4,1.76666666666667,1,2,2,3,2
363,96.0333333333333,1975,193,60,144,31,18,3,69.9833333333333,1,6,59,3,59
2655,5.06666666666667,177,16,7,44,44,14,8,3.25,1,3,6,8,6
1057,14.6666666666667,183,46,15,118,59,35,7,8.53333333333333,1.25,6,10,6,7
1931,40.7166666666667,868,57,12,434,259,41,7,27.3166666666667,1.25,7,12,7,8
169,71.1833333333333,917,191,56,170,41,63,29,68.2,1.5,7,56,4,15
534,12.0833333333333,191,21,7,54,40,29,11,7.95,1.33333333333333,5,6,11,6
2656,13.5333333333333,248,52,18,96,35,17,4,8.15,1,5,18,3,7
2522,18.4333333333333,280,33,9,80,29,48,16,15.1,1.33333333333333,6,9,6,9
526,7.53333333333333,390,28,26,15,15,7,4,5.51666666666667,1,2,26,3,2
2332,36.0833333333333,1347,157,40,89,37,50,18,11.45,1.2,5,27,6,40
2348,18.3666666666667,376,27,9,76,49,42,14,6.55,1.16666666666667,5,6,3,2
254,50.1166666666667,651,42,6,562,308,78,12,34.1833333333333,1.22222222222222,10,5,6,5
349,7.7,224,23,7,81,81,14,5,3.61666666666667,1.5,4,7,3,7
1952,14.3,203,26,7,0,0,53,18,3.51666666666667,1.2,5,3,10,6
1648,5.78333333333333,158,20,9,3,3,9,3,2.88333333333333,1.5,3,5,3,5
875,1.31666666666667,79,7,7,0,0,9,9,0,1,1,7,9,7
2636,53.1833333333333,764,98,21,184,74,76,16,20.1833333333333,1.33333333333333,9,21,3,10
1765,1.28333333333333,77,5,5,0,0,9,9,0.65,1.125,1,5,9,5
1848,23.7,180,33,6,126,39,69,12,12.35,1.25,11,3,3,3
856,11,216,36,12,56,38,24,4,6.28333333333333,1,6,12,4,3
1918,107.666666666667,5275,74,56,361,200,28,9,64.8333333333333,1,5,56,6,2
2679,11.3666666666667,347,31,13,100,49,19,6,8.93333333333333,1.5,4,13,6,13
1766,24.9666666666667,1229,18,11,136,126,39,23,21.3333333333333,1.27777777777778,3,11,23,11
2107,22.3166666666667,798,51,18,104,53,23,8,19.0666666666667,1.33333333333333,4,18,8,18
931,21.8166666666667,224,62,22,96,39,115,31,10.85,1.375,9,2,3,4
1089,1.45,87,4,4,10,10,10,10,0.833333333333333,1,1,4,10,4
667,9.75,255,20,6,73,54,15,4,2.48333333333333,1,4,6,3,3
473,493.2,28795,12,10,3369,3369,23,16,392.6,1.25,2,10,16,10
2199,1.5,90,2,2,0,0,3,3,1.5,1,1,2,3,2
152,28.7833333333333,1727,26,26,13,13,9,9,1.78333333333333,1,1,26,9,26
1409,23.65,414,70,19,204,96,59,12,19.1666666666667,1.28571428571429,8,13,4,10
158,1.15,69,8,8,0,0,3,3,0.15,1,1,8,3,8
1130,12.6333333333333,225,39,9,102,77,20,4,9.46666666666667,1.33333333333333,6,5,4,5
733,14.4166666666667,285,27,10,18,18,53,17,3.08333333333333,1.25,4,4,15,4
1911,7.91666666666667,156,26,9,78,32,12,3,5.16666666666667,1,4,9,3,7
615,12.3333333333333,740,12,12,81,81,3,3,11.7666666666667,1,1,12,3,12
2807,17.1333333333333,233,41,8,78,78,47,9,8.58333333333333,1.28571428571429,9,8,5,6
1739,26.7833333333333,424,84,27,143,53,91,18,19.8333333333333,1.25,8,27,8,15
411,18.0666666666667,341,29,7,294,108,64,18,11.7666666666667,1.25,6,4,14,7
168,37.75,1248,70,49,55,39,12,6,3.46666666666667,1.2,2,49,6,21
322,11.95,302,16,7,23,23,27,15,5.5,1.66666666666667,4,2,3,5
325,15.75,248,37,8,227,111,31,13,10.1333333333333,1.33333333333333,6,8,4,4
1552,7,182,13,5,98,72,30,11,4.83333333333333,1.125,3,3,11,3
1414,15.2333333333333,298,42,12,121,78,25,5,6.25,1.33333333333333,7,12,3,5
414,16.05,365,36,11,29,29,31,10,5,1.4,5,10,7,3
490,924.566666666667,31038,41,24,2936,1591,6,3,842.366666666667,1,2,24,3,24
2680,11.8333333333333,216,31,10,50,24,17,7,8.68333333333333,1.33333333333333,4,7,4,7
1060,23.45,469,81,18,137,54,64,12,10.85,1.2,8,10,12,10
728,46.1,603,110,17,255,78,113,33,33.7333333333333,1.2,10,8,33,8
567,18.1,569,21,7,83,83,29,11,4.98333333333333,1.42857142857143,4,7,10,6
1666,14.15,183,41,8,172,104,65,15,8.58333333333333,1.28571428571429,8,8,6,7
1520,18.3666666666667,255,18,5,104,63,34,8,8.98333333333333,1,6,5,8,5
1948,1.75,105,4,4,0,0,4,4,0.416666666666667,1,1,4,4,4
1874,6.46666666666667,116,16,5,21,21,17,5,2.25,1.25,4,5,4,5
2962,74.2166666666667,2117,178,65,57,37,28,16,48.5333333333333,1.2,3,65,16,65
1599,36.95,2147,64,61,48,48,7,4,24.1666666666667,1,2,61,4,61
2297,7.76666666666667,104,28,10,37,27,27,8,5.01666666666667,1.2,5,5,3,5
4487,2.05,123,6,6,21,21,14,14,1.66666666666667,1.11111111111111,1,6,14,6
2977,21.9,520,50,16,113,59,33,8,12.15,1.25,8,16,6,2
1610,43.85,1527,55,27,105,68,37,21,41.4833333333333,1.10526315789474,3,23,21,23
2095,9.73333333333333,361,21,10,35,35,27,9,7.2,1.125,3,10,9,2
1829,3.06666666666667,120,15,8,10,10,14,8,1.35,1,2,7,8,7
1741,24.9,763,34,10,163,154,61,36,9.88333333333333,1.09090909090909,4,10,36,10
1960,43.0666666666667,952,38,11,347,162,54,16,22.9,1.22222222222222,7,6,16,6
1280,12.1833333333333,447,20,7,102,78,16,7,8.83333333333333,1.33333333333333,3,6,7,6
399,42.7166666666667,869,31,13,136,82,39,16,24.1666666666667,1.5,5,4,16,4
2546,27.6833333333333,504,30,9,196,86,28,10,22.0666666666667,1.4,5,9,8,8
2595,127.066666666667,2564,107,31,328,121,64,19,96.05,1.33333333333333,7,31,9,28
368,20.2666666666667,232,49,10,172,67,74,12,10.1166666666667,1.16666666666667,9,6,9,3
2435,1.08333333333333,65,4,4,0,0,4,4,0.4,1.33333333333333,1,4,4,4
2853,25.3,735,27,11,362,247,84,28,16.7333333333333,1.25,5,4,28,4
2259,3624.71666666667,116156,286,62,10182,8266,121,76,3192.23333333333,1.14814814814815,5,42,76,42
1471,16.9166666666667,568,32,10,106,99,18,8,6.78333333333333,1,4,9,8,9
2457,136.083333333333,3139,58,18,702,330,20,5,70.15,1.33333333333333,5,18,4,10
712,24.0833333333333,404,54,15,225,82,71,15,18.8833333333333,1.22222222222222,7,5,15,5
857,112.616666666667,1890,79,12,1071,259,116,20,85.0666666666667,1.5,15,12,12,6
1184,55.8166666666667,2744,98,55,342,341,33,17,31.3833333333333,1.13333333333333,4,55,17,55
621,63.8833333333333,1415,69,24,175,61,66,13,54.9333333333333,1.2,9,22,11,24
2434,30.4666666666667,1665,16,11,746,746,92,85,47.2166666666667,1.5,3,11,85,11
1596,194.466666666667,3685,196,69,444,266,82,38,122.716666666667,1.26666666666667,5,59,8,7
815,8.73333333333333,165,74,30,30,14,23,6,2.66666666666667,1.25,5,30,4,2
415,16.0666666666667,384,38,13,133,79,26,11,12.4166666666667,1.25,4,13,3,11
7,130.05,2830,79,28,828,253,85,24,109.316666666667,1.18181818181818,5,21,24,21
2177,115.133333333333,3476,59,28,401,173,22,9,109.733333333333,1.28571428571429,3,25,9,25
2955,2.78333333333333,91,10,7,5,5,6,3,1.58333333333333,1.5,2,3,3,3
2645,1.43333333333333,86,2,2,0,0,11,11,0.666666666666667,1,1,2,11,2
314,1,60,2,2,0,0,3,3,0.0666666666666667,1,1,2,3,2
2202,41.5333333333333,1188,32,6,655,339,48,12,36.7166666666667,1.25,7,6,12,6
293,4.38333333333333,170,8,6,22,22,7,4,1.33333333333333,1,2,2,4,2
2464,10.1666666666667,160,31,12,32,32,28,7,7.5,1.33333333333333,5,12,7,12
2203,21.7833333333333,800,7,3,36,36,39,18,9.13333333333333,1.38461538461538,3,2,11,2
743,9.01666666666667,200,13,5,177,78,10,4,7.16666666666667,1.33333333333333,3,4,4,4
1100,20.8833333333333,321,62,10,108,58,81,16,11.0666666666667,1.2,9,8,16,8
1241,19.4333333333333,420,24,6,102,90,47,17,11.05,1.14285714285714,9,6,17,6
1821,12.0166666666667,200,23,7,66,38,19,5,5,1.5,5,7,4,2
849,100.683333333333,3878,129,57,111,52,24,8,24.95,1,4,50,7,8
705,6.25,375,2,2,0,0,8,8,0.9,1.33333333333333,1,2,8,2
2925,16.15,404,51,18,107,66,30,9,11.0166666666667,1.125,5,18,9,18
2635,2.16666666666667,66,5,3,0,0,8,4,1.86666666666667,1.33333333333333,2,3,4,3
2492,53.5333333333333,2333,56,20,395,369,57,38,43.6833333333333,1.23529411764706,5,11,38,11
2476,27.6166666666667,1053,17,6,31,18,35,12,5.71666666666667,1.25,5,4,12,4
2640,52.2333333333333,1514,25,11,564,231,26,15,42.2,1.1,3,11,8,5
159,21.35,926,26,11,118,109,28,10,5.58333333333333,1.11111111111111,5,3,6,4
1833,24.1666666666667,650,54,24,128,50,41,11,26.5666666666667,1.28571428571429,6,24,11,24
2727,3.33333333333333,200,8,8,23,23,8,8,3.66666666666667,1.2,1,8,8,8
1559,57.4333333333333,982,55,11,672,204,91,22,47.3666666666667,1.5,9,7,15,9
1086,24.25,546,42,19,263,87,21,8,18.2166666666667,1,5,19,8,19
1974,4.25,101,13,7,24,16,20,8,3.4,1,3,7,8,4
2052,44.25,1682,37,9,134,85,26,9,29.0833333333333,1.33333333333333,6,9,9,9
775,55.0833333333333,1373,46,13,789,378,96,34,44.3166666666667,1.18181818181818,6,10,23,7
582,24.8166666666667,1201,13,7,180,180,8,4,5.36666666666667,1,2,7,4,7
4119,19.9666666666667,531,27,7,177,177,61,17,12.7,1.2,5,7,15,5
2799,37.9,886,38,13,240,107,60,26,14.8833333333333,1.25,5,9,14,6
465,9.26666666666667,307,19,7,87,44,11,5,5.23333333333333,1,3,7,5,7
897,10.3833333333333,459,9,6,189,189,18,11,2.35,1.22222222222222,2,6,11,6
1683,13.8833333333333,294,17,5,260,199,21,8,8.91666666666667,1.66666666666667,5,3,4,4
2068,19.6666666666667,463,47,13,187,124,63,13,15.3166666666667,1.25,7,6,8,8
1251,7.48333333333333,200,13,4,0,0,21,10,2.33333333333333,1.11111111111111,4,3,3,4
729,32.4,1746,70,67,83,63,26,14,17.3,1,2,67,12,3
8,15.1666666666667,635,14,7,127,127,25,16,9.78333333333333,1.23076923076923,2,7,9,7
1494,8.83333333333333,190,20,8,77,40,28,10,4.7,1.5,4,8,9,2
2856,23.5,339,47,11,160,75,42,12,12.5833333333333,2,8,5,12,5
2791,22.9166666666667,1007,28,18,145,75,16,4,16.0833333333333,1,4,18,4,18
4021,1.18333333333333,71,8,8,0,0,11,11,0.45,1.1,1,8,11,8
4879,146.516666666667,4571,133,60,236,123,45,17,92.25,1.22222222222222,4,56,11,10
1004,34.85,649,54,14,134,78,59,13,11.1,1.18181818181818,8,13,13,13
1639,10.4,159,34,13,30,30,38,10,4.03333333333333,1.11111111111111,5,13,6,5
1844,3.51666666666667,76,14,7,0,0,16,6,1.95,1.2,3,4,6,4
2480,12.0166666666667,462,7,5,0,0,30,21,1.78333333333333,1.16666666666667,2,2,21,2
274,29.7333333333333,600,55,16,70,70,69,15,15.5666666666667,1.22222222222222,9,16,15,16
1929,13.5666666666667,524,12,6,93,93,17,10,9.66666666666667,1.5,3,6,10,6
78,13.2333333333333,464,34,18,63,34,20,9,6.36666666666667,1.125,3,18,4,8
197,12.6,518,10,7,87,87,27,18,6.81666666666667,1.28571428571429,2,7,18,7
244,31.1,905,28,13,88,53,26,8,20.3,1,4,13,8,13
1665,40.35,876,34,10,266,171,34,8,29.7666666666667,1.33333333333333,6,10,8,10
2141,8.26666666666667,184,12,5,40,34,28,19,4.58333333333333,1.33333333333333,3,5,5,2
2484,15.1833333333333,487,33,16,447,427,49,22,10.0333333333333,1.25,3,16,22,16
2612,21.8,963,34,20,80,73,36,15,21.6666666666667,1.25,4,20,7,2
2115,57.8666666666667,3093,11,4,822,822,39,27,33.2833333333333,1.1304347826087,4,4,27,4
352,119.95,4337,103,36,348,124,50,12,118.533333333333,1.25,6,36,11,12
1373,155.633333333333,5319,121,58,197,102,32,15,68.4,1.14285714285714,3,58,15,58
17,3.91666666666667,126,10,7,9,9,6,3,3.38333333333333,1,2,3,3,3
2621,1.03333333333333,62,2,2,0,0,3,3,0.25,1,1,2,3,2
55,4.71666666666667,218,4,2,0,0,12,6,3.98333333333333,1.2,2,2,6,2
213,20.35,508,35,15,267,220,35,11,10.8833333333333,1.1,5,7,11,7
532,32.6333333333333,309,93,23,282,112,97,16,16.6833333333333,1.33333333333333,13,6,8,5
2535,14.9166666666667,392,37,22,98,75,24,11,6,1.5,4,22,5,6
1834,10.8666666666667,269,12,4,110,57,23,9,6.71666666666667,1.5,4,4,3,3
412,51.45,1012,31,8,259,259,45,10,25.9333333333333,1.25,7,4,10,4
87,8.21666666666667,182,17,7,75,45,27,16,6.68333333333333,1.25,3,6,6,4
1859,23.8166666666667,306,35,9,177,98,39,8,7.2,1.16666666666667,6,9,6,4
2528,7.6,236,17,7,43,43,13,5,7.1,1.25,3,6,5,6
2883,17.7166666666667,403,27,9,85,45,23,10,8.51666666666667,1,5,9,10,9
991,29.2333333333333,899,99,27,106,50,64,15,18.7166666666667,1.18181818181818,7,27,10,11
2364,12.8666666666667,385,14,5,155,155,63,18,4.73333333333333,1.16666666666667,4,4,18,4
1946,6.21666666666667,245,33,15,23,17,15,8,2.8,1.5,3,15,8,15
2521,19.4166666666667,707,43,12,183,140,62,25,18.2333333333333,1.4,5,12,25,12
366,4.43333333333333,124,11,4,0,0,23,11,1.23333333333333,1.1,3,4,7,4
2024,19.2166666666667,547,54,21,154,102,43,19,15.7833333333333,1.16666666666667,5,14,19,14
2143,6.16666666666667,246,9,6,21,16,12,7,4.75,1.4,2,3,5,6
291,6.15,196,11,6,115,115,19,10,1.38333333333333,1.33333333333333,3,6,5,3
1925,9.46666666666667,164,23,6,103,65,27,8,7.98333333333333,1.5,5,5,6,6
838,88.4333333333333,2258,207,63,446,412,45,22,90.6666666666667,1.54545454545455,4,59,22,59
1891,27.45,629,39,13,141,55,35,16,18.1,1.66666666666667,6,13,16,13
2882,10.6166666666667,336,15,7,0,0,22,9,1.9,1,4,2,9,2
2474,9.38333333333333,354,20,11,50,36,8,5,3.73333333333333,1.33333333333333,2,9,5,9
784,10.7333333333333,352,18,8,88,49,9,3,8.28333333333333,1.5,3,8,3,6
125,23.9833333333333,376,37,6,241,138,38,8,10.1166666666667,1.5,9,5,6,6
2881,9.78333333333333,287,33,21,7,7,20,7,2.9,1,4,4,7,4
2639,57.1666666666667,881,74,20,464,209,81,23,45.6666666666667,1.4,11,20,9,9
979,2468.08333333333,42774,100,26,4710,2240,73,29,658.6,1.35714285714286,7,26,7,16
1,18.5,258,39,11,61,49,75,22,7.45,1.25,8,4,22,4
1422,2.96666666666667,178,2,2,0,0,3,3,0.116666666666667,1,1,2,3,2
948,50.15,1338,87,32,95,38,71,15,32.4166666666667,1.15384615384615,9,32,15,32
533,17.7166666666667,301,30,10,106,59,46,14,9.93333333333333,1.33333333333333,6,6,10,10
1500,9.75,241,15,6,0,0,20,9,5.63333333333333,1,3,5,9,5
2439,11.7833333333333,525,20,9,23,23,15,5,5.45,1.25,3,9,5,4
211,3.16666666666667,114,4,2,0,0,13,7,0.75,1.2,2,2,6,2
2634,16.8333333333333,193,33,7,105,71,52,16,13.2333333333333,1.33333333333333,6,6,8,3
151,5.8,202,8,4,26,26,14,7,3.95,1,2,4,7,4
398,32.45,431,63,13,109,39,58,12,13.2166666666667,1.14285714285714,10,13,10,7
734,32.6333333333333,377,67,13,198,58,100,16,20.05,1.2,9,3,13,8
2720,7.46666666666667,290,17,11,48,48,20,11,2.66666666666667,1,2,6,9,11
1031,3.91666666666667,128,10,5,0,0,6,3,0.45,1,2,5,3,5
2093,26.3166666666667,565,19,4,0,0,55,12,12.35,1.33333333333333,7,3,12,3
48,40.6,2436,26,26,30,30,6,6,2.76666666666667,1,1,26,6,26
1590,16.4666666666667,635,72,52,35,23,7,4,15.15,1,2,52,3,20
222,5.98333333333333,190,26,21,60,60,12,8,5.86666666666667,1,2,21,4,5
1678,3.01666666666667,118,7,5,0,0,11,7,1.28333333333333,1.33333333333333,2,2,7,2
1662,10.7833333333333,240,25,10,6,6,29,8,8.01666666666667,1.16666666666667,5,2,5,6
2422,5.5,141,17,7,15,15,12,4,2.46666666666667,1,3,4,4,6
298,2.26666666666667,136,3,3,0,0,14,14,0.1,1,1,3,14,3
97,12.9,281,56,17,55,29,54,12,10.0833333333333,1.2,6,17,12,6
107,1.25,75,4,4,0,0,3,3,0.883333333333333,1,1,4,3,4
297,3.96666666666667,166,6,4,0,0,20,11,1.01666666666667,1.1,2,4,11,4
1767,89.1833333333333,3568,65,47,161,102,50,24,73.6,1.28571428571429,3,47,24,47
56,15.9166666666667,177,54,11,48,18,55,10,7.7,1.2,8,7,10,7
1797,16.0833333333333,404,25,10,492,282,27,11,14.05,1.375,4,4,11,4
1244,60.8333333333333,2032,90,44,224,83,57,22,29.1,1.25,6,44,11,8
528,10.75,324,11,7,26,26,15,7,5.91666666666667,1.25,3,2,4,7
1943,46.45,2349,34,12,319,286,77,45,37.2166666666667,1.4,5,9,45,9
2827,103.866666666667,3768,89,58,252,192,39,32,102.2,1.18518518518519,3,58,4,26
1233,1.28333333333333,77,3,3,0,0,5,5,0.666666666666667,1,1,3,5,3
483,1.3,78,7,7,0,0,3,3,0,1,1,7,3,7
1379,7.31666666666667,147,14,5,37,27,17,5,2.33333333333333,1,4,4,4,2
2184,21.9,348,56,11,216,95,66,19,15.1666666666667,1.25,9,9,10,11
965,21.7666666666667,638,28,6,97,97,49,11,5.05,1.125,7,6,11,6
2488,1.61666666666667,97,2,2,0,0,6,6,1.2,1,1,2,6,2
2013,50.9,1163,107,37,81,32,56,12,12.5166666666667,1.2,8,37,5,7
693,3.26666666666667,196,6,6,54,54,5,5,2.46666666666667,1,1,6,5,6
1166,17.8666666666667,651,18,7,47,47,18,5,13.9833333333333,1.33333333333333,5,7,5,7
1757,130.05,4140,114,57,169,76,19,11,152.083333333333,1.1,3,57,5,3
2023,3.41666666666667,127,13,8,51,51,6,3,1.48333333333333,1,2,8,3,5
1966,2.48333333333333,85,11,6,0,0,7,4,1.15,1.33333333333333,2,5,3,6
117,84.5166666666667,2475,55,20,322,160,43,14,83.1666666666667,1.5,4,19,14,19
2777,84.8666666666667,2833,115,78,247,173,35,17,58.45,1.5,3,21,17,21
277,1.33333333333333,80,4,4,0,0,4,4,0.433333333333333,1.33333333333333,1,4,4,4
2394,8.1,318,28,18,52,27,16,9,7.06666666666667,1,2,18,7,10
747,4.58333333333333,140,10,6,25,22,9,6,1.66666666666667,1,2,4,6,4
345,4.98333333333333,228,10,6,11,11,6,3,0.8,1,2,6,3,6
752,2.81666666666667,98,13,7,0,0,13,7,1.13333333333333,1.2,2,6,6,7
2366,3.26666666666667,129,8,5,0,0,8,5,2.05,1.5,2,5,5,5
2493,4.76666666666667,286,8,8,47,47,10,10,3.78333333333333,1,1,8,10,8
4124,19.2666666666667,612,27,13,130,98,87,44,17.9166666666667,1.18181818181818,4,10,44,10
1740,12.7833333333333,539,17,10,144,134,23,12,9.06666666666667,1.09090909090909,3,5,7,10
2590,12,585,11,7,160,160,17,13,7.93333333333333,1.2,2,4,13,4
2831,31.0333333333333,870,97,69,144,55,18,9,40.2166666666667,1.4,3,69,9,69
2637,9.58333333333333,351,24,9,100,100,36,17,5.2,1.08333333333333,3,9,17,9
1649,3.31666666666667,199,3,3,0,0,4,4,0.466666666666667,1,1,3,4,3
694,1.75,105,3,3,0,0,6,6,0,1,1,3,6,3
1530,117.816666666667,6198,56,44,159,141,38,21,119.033333333333,1.5,2,44,21,44
2851,1.28333333333333,77,6,6,0,0,8,8,0.366666666666667,1.14285714285714,1,6,8,6
186,10.0666666666667,604,13,13,57,57,4,4,9.83333333333333,1,1,13,4,13
1101,8.1,301,30,14,39,22,29,13,7.25,1.2,3,14,13,14
1758,94.65,5679,57,57,101,101,8,8,97.5166666666667,1.25,1,57,8,57
2240,15.7666666666667,509,34,18,128,114,23,15,8.98333333333333,1.15384615384615,3,6,15,6
2913,11.4833333333333,304,23,12,76,44,15,5,7.03333333333333,1.25,4,5,4,12
2380,8.2,119,25,7,34,17,30,8,5.71666666666667,1.5,5,6,7,2
1226,156.25,4095,246,69,850,335,66,18,183.733333333333,1.23076923076923,4,68,16,69
2855,73.9333333333333,4436,36,36,236,236,34,34,87.8833333333333,1.38888888888889,1,36,34,36
382,1.86666666666667,112,5,5,0,0,9,9,0.4,1.125,1,5,9,5
2122,31.75,628,57,18,229,131,29,14,34.55,1.5,4,15,5,18
718,42.3333333333333,2540,12,12,299,299,16,16,22.5166666666667,1.36363636363636,1,12,16,12
1904,1.13333333333333,68,2,2,0,0,4,4,0.6,1,1,2,4,2
556,6.38333333333333,240,6,4,0,0,18,14,4.05,1.16666666666667,2,2,14,2
2527,8.1,219,22,6,10,10,26,11,3.7,1.125,4,6,11,6
1402,36.8166666666667,1364,50,12,101,42,46,12,11.5166666666667,1.2,7,12,12,12
1405,8.2,416,11,9,70,70,22,16,8.51666666666667,1.33333333333333,2,9,16,9
1748,52.5,1225,56,18,382,169,88,28,40.5333333333333,1.28571428571429,7,18,11,5
2904,30.9333333333333,1786,4,2,0,0,32,18,12.2,1.28571428571429,2,2,18,2
700,139.533333333333,4761,24,12,369,369,6,3,58.9166666666667,1,2,12,3,12
2327,11.35,284,22,7,42,42,36,10,2.66666666666667,1.33333333333333,5,5,9,5
2545,21.25,483,21,9,224,149,24,7,14.6,1.5,5,9,4,2
573,12.3166666666667,395,26,10,52,47,27,7,7.11666666666667,1,5,10,6,3
1640,109.533333333333,2420,252,72,104,37,32,16,114.416666666667,1.14285714285714,4,72,5,69
2450,2.83333333333333,170,8,8,5,5,4,4,0.9,1,1,8,4,8
2704,7.58333333333333,336,23,13,55,38,8,5,6.18333333333333,1,2,13,5,13
294,7.5,249,10,6,14,14,14,9,2.23333333333333,1.4,2,4,9,4
1432,44.5,1584,49,33,146,110,28,23,43.1333333333333,1.2,2,16,23,16
1880,7.13333333333333,209,10,5,66,66,20,7,3.2,1,3,5,6,3
2577,46.1333333333333,1794,115,63,52,30,45,27,58.3833333333333,1.13333333333333,2,63,18,52
2722,1.35,81,7,7,7,7,8,8,0.75,1.33333333333333,1,7,8,7
2829,14.7833333333333,887,12,12,96,96,3,3,13.9166666666667,1,1,12,3,12
4136,3.43333333333333,206,7,7,8,8,6,6,1.21666666666667,1,1,7,6,7
2469,8.06666666666667,140,22,9,0,0,22,10,3.46666666666667,1.5,4,9,10,9
1671,19.35,438,32,11,246,104,24,8,9.13333333333333,1.2,4,8,8,8
198,6.01666666666667,186,14,11,62,41,9,5,3.31666666666667,1,2,11,4,3
765,23.6666666666667,684,20,10,212,122,39,16,9.9,1.25,3,3,13,7
2445,93.7333333333333,5624,11,11,835,835,12,12,94.5833333333333,1.14285714285714,1,11,12,11
558,16.5,291,27,10,118,80,48,13,9.03333333333333,1.08333333333333,8,3,13,3
2523,3.8,228,5,5,0,0,10,10,1,1.11111111111111,1,5,10,5
2760,4.73333333333333,154,15,11,16,16,14,10,3.28333333333333,1.5,2,4,4,11
1584,2.46666666666667,78,9,5,0,0,10,7,0.566666666666667,1.5,2,4,7,4
4569,5.6,174,16,10,0,0,28,16,0.583333333333333,1.14285714285714,3,10,16,10
487,1.91666666666667,115,4,4,48,48,5,5,1.45,1,1,4,5,4
976,7.1,426,21,21,20,20,8,8,6.55,1,1,21,8,21
2950,137.233333333333,8234,2,2,0,0,5,5,75.2166666666667,1,1,2,5,2
2644,116.633333333333,2394,60,22,719,254,74,16,118.766666666667,1.16666666666667,6,19,15,22
2599,153.3,3355,43,16,1320,460,41,15,122.083333333333,1.42857142857143,4,11,15,11
2051,25.7666666666667,878,17,6,271,127,55,20,10.4166666666667,1.25,4,5,20,5
2372,27.65,714,46,14,150,54,39,11,21.0166666666667,1.22222222222222,5,14,4,6
328,6.41666666666667,288,11,7,85,58,16,9,3.9,1.16666666666667,2,7,9,7
2852,1.18333333333333,71,4,4,0,0,8,8,0.133333333333333,1,1,4,8,4
495,564.283333333333,29552,9,5,4869,4490,11,6,386.6,1,2,5,6,5
1828,238.6,10033,178,54,344,188,102,41,149.3,1.2,6,54,18,49
170,142,5449,96,60,203,104,9,5,51.2,1,2,60,4,36
560,5.01666666666667,301,12,12,53,53,4,4,4.21666666666667,1,1,12,4,12
2918,388.733333333333,9521,91,27,2171,1353,85,29,237.4,1.25,5,27,29,27
2049,69.2333333333333,1190,89,30,434,233,73,15,46.05,1.4,7,22,9,8
2270,65.4833333333333,2346,52,29,170,92,25,16,56.0333333333333,1.15384615384615,2,29,9,23
1517,7.23333333333333,293,5,3,50,50,14,7,1.68333333333333,1,2,3,7,3
2884,5.63333333333333,208,4,2,0,0,11,6,0.7,1.25,2,2,6,2
1762,9.58333333333333,310,36,17,43,28,43,15,7.36666666666667,1.33333333333333,4,17,14,6
400,11.9,577,15,8,158,158,19,10,5.15,1.11111111111111,2,7,9,8
2217,65.8166666666667,1928,48,21,195,116,33,14,9.61666666666667,1.16666666666667,4,21,6,11
2824,13.7666666666667,826,12,12,29,29,6,6,6.56666666666667,1,1,12,6,12
256,40.7166666666667,2443,13,13,672,672,3,3,23.35,1,1,13,3,13
649,59.0666666666667,2878,52,39,152,85,31,19,45.9333333333333,2,2,39,12,13
1267,59.3833333333333,1316,208,57,47,13,69,18,48.4333333333333,1.28571428571429,7,57,11,56
217,1.38333333333333,83,3,3,0,0,3,3,0.683333333333333,1,1,3,3,3
2723,17.6833333333333,414,38,15,75,38,28,6,11.2333333333333,1.25,7,15,4,5
1485,9.05,228,19,10,32,24,29,11,4.51666666666667,1.1,3,3,11,3
1903,4.86666666666667,145,20,9,0,0,30,13,2.73333333333333,1,3,3,13,3
2030,10.8166666666667,649,5,5,0,0,9,9,2.83333333333333,1,1,5,9,5
660,17.6,497,39,11,184,117,39,12,14.4166666666667,1.2,5,11,9,3
14,9.05,157,17,7,88,58,15,4,5.46666666666667,1.5,4,6,4,3
2446,51.4833333333333,2729,29,15,52,26,6,3,6.76666666666667,1,2,15,3,15
2238,10.7166666666667,393,23,13,39,39,12,9,4.21666666666667,1.125,2,13,3,10
805,16.05,963,4,4,0,0,11,11,3.86666666666667,1,1,4,11,4
2525,8.58333333333333,231,32,18,44,35,9,3,3.51666666666667,1,3,18,3,5
1521,8.43333333333333,146,10,3,106,67,21,6,6.51666666666667,1.5,4,3,5,2
576,37.1,1680,188,69,260,251,31,18,37.4,1.2,3,69,18,69
2869,4.1,140,44,23,14,11,7,4,2.56666666666667,1,2,21,4,21
964,3.66666666666667,220,6,6,0,0,4,4,2.01666666666667,1,1,6,4,6
2274,13.3166666666667,291,24,8,85,49,20,6,6.71666666666667,1.25,4,4,4,8
1853,1.51666666666667,91,3,3,12,12,12,12,1.11666666666667,1,1,3,12,3
1894,21.95,339,74,12,157,55,43,12,13.8333333333333,1.16666666666667,9,9,12,9
1380,5.41666666666667,210,10,6,18,18,8,4,2.71666666666667,1,2,6,4,4
1609,12.7666666666667,394,62,28,26,19,17,5,9.1,1,5,28,3,5
1263,11.0666666666667,350,9,4,97,75,12,6,5.28333333333333,1.2,3,4,6,4
1573,20.1666666666667,818,30,20,109,49,13,5,16.4333333333333,1.5,3,20,4,5
515,143.05,3912,84,31,21,11,37,12,1.93333333333333,1.09090909090909,5,31,6,12
2234,10.95,358,36,19,38,26,15,9,7.98333333333333,1.16666666666667,2,17,9,17
2691,9.78333333333333,363,23,12,79,47,23,12,8.36666666666667,1.22222222222222,3,12,6,5
2725,13.1833333333333,183,34,9,95,56,33,13,9.13333333333333,1.5,6,5,4,9
2905,10,385,23,17,6,6,13,5,2.66666666666667,1,3,3,5,3
1934,51.3666666666667,1444,66,29,168,118,34,13,54.75,1.5,4,27,10,29
2273,25.05,893,58,27,101,45,14,5,20.5666666666667,1.33333333333333,4,27,5,27
907,1.23333333333333,74,4,4,0,0,4,4,0.883333333333333,1,1,4,4,4
1293,47.9666666666667,1064,52,18,280,91,54,12,22.3,1.5,6,6,12,6
2702,12.3666666666667,522,11,7,54,54,19,11,5.38333333333333,1.22222222222222,2,7,11,7
1340,10.1333333333333,241,23,7,150,68,18,5,6.5,1,4,7,5,5
2966,9.91666666666667,238,18,6,67,33,45,20,6.9,1.2,4,6,20,6
841,163.366666666667,4543,168,53,258,99,21,6,106.516666666667,1.5,5,49,6,10
2809,8.55,301,15,7,2,2,10,4,1.43333333333333,1.5,3,7,3,2
2822,6.56666666666667,221,13,6,31,28,22,14,1.83333333333333,1.33333333333333,3,2,14,2
2461,14.5666666666667,874,4,4,350,350,7,7,13.55,1,1,4,7,4
1677,6.18333333333333,165,18,11,13,13,40,15,1.43333333333333,1,3,11,12,5
1068,36.0833333333333,1350,48,37,29,29,15,5,21.05,1,3,37,5,2
2844,2.03333333333333,122,2,2,0,0,5,5,1.9,1.25,1,2,5,2
2011,38.1666666666667,1564,78,40,81,43,13,7,17.25,1,2,38,7,38
250,2.8,168,27,27,4,4,10,10,1.91666666666667,1,1,27,10,27
1377,5.33333333333333,143,35,17,20,9,9,3,1.85,1,3,17,3,6
1796,2.28333333333333,137,9,9,12,12,5,5,1.51666666666667,1,1,9,5,9
346,7.06666666666667,283,15,9,38,38,8,5,3.18333333333333,1.25,2,9,3,6
1875,5.08333333333333,305,6,6,24,24,3,3,0.8,1,1,6,3,6
920,1.5,90,4,4,0,0,5,5,0.0666666666666667,1,1,4,5,4
701,10.2,454,15,7,44,44,10,4,6.26666666666667,1,3,7,4,7
251,2.5,150,10,10,13,13,6,6,1.36666666666667,1,1,10,6,10
2282,15.4666666666667,391,33,11,51,30,31,10,8.31666666666667,1.42857142857143,5,11,10,11
2323,5.43333333333333,165,15,6,30,30,19,12,3.28333333333333,1.33333333333333,3,6,12,6
2584,3.13333333333333,97,8,4,16,16,16,13,1.41666666666667,1.08333333333333,2,4,13,4
54,2.53333333333333,77,7,4,0,0,7,4,1.45,1.5,2,4,3,3
2309,10.9666666666667,441,9,4,121,121,32,17,5.88333333333333,1.30769230769231,3,4,17,4
993,41.15,1316,67,22,265,130,71,25,21.5,1.5,4,22,24,14
2291,14.7333333333333,367,41,15,191,128,55,26,11.7333333333333,1.3,5,15,10,3
2156,8.46666666666667,188,8,2,0,0,14,5,4.2,1.5,4,2,5,2
2902,7.5,285,16,10,3,3,12,5,1.11666666666667,1,3,10,5,10
2568,8.08333333333333,169,23,10,33,25,35,9,3.48333333333333,1.25,4,2,8,5
1664,17.5666666666667,733,10,6,218,218,22,14,12.1166666666667,1.375,3,6,14,6
2671,18.6,294,36,11,118,62,75,25,13.6833333333333,1.2,5,6,25,6
2322,14.95,257,39,8,38,20,45,13,6.21666666666667,1.33333333333333,7,3,5,5
2459,40.8666666666667,1884,23,7,276,260,20,6,32.9333333333333,1.2,5,6,6,6
2086,7.1,325,17,9,71,71,13,7,4.73333333333333,1.2,2,8,7,8
688,1.86666666666667,112,7,7,27,27,10,10,1.66666666666667,1,1,7,10,7
1901,1.95,117,6,6,31,31,4,4,0.783333333333333,1,1,6,4,6
751,3.98333333333333,128,4,2,0,0,11,8,1.06666666666667,1,2,2,3,2
466,63.2,3792,5,5,1112,1112,8,8,62.4666666666667,1.16666666666667,1,5,8,5
489,317.933333333333,14937,17,12,2615,1467,8,4,317.933333333333,1,2,12,4,5
866,25.7833333333333,1093,48,27,174,74,29,16,22.1833333333333,1.5,4,27,4,5
908,217.316666666667,6090,55,24,344,286,37,18,96.0666666666667,1.42857142857143,5,22,4,24
1335,18.8333333333333,558,141,70,37,12,13,4,7.81666666666667,1,4,70,4,70
1378,7.73333333333333,286,23,10,6,6,33,12,2.3,1.57142857142857,3,10,11,4
342,3.4,135,16,10,0,0,23,19,0.8,1.11764705882353,2,10,19,10
4630,2,120,3,3,0,0,6,6,2,1,1,3,6,3
1607,4.18333333333333,93,7,3,0,0,19,7,1.28333333333333,1.2,3,2,6,2
2475,12.5166666666667,384,31,10,92,61,17,4,5.61666666666667,1,5,9,3,10
58,24.4666666666667,445,29,7,180,78,34,9,15.95,1.66666666666667,7,5,5,2
70,17.2666666666667,150,46,9,11,6,65,10,8.28333333333333,1.16666666666667,11,9,10,9
640,1.33333333333333,80,5,5,0,0,17,17,1.23333333333333,1.0625,1,5,17,5
2029,14.65,208,38,13,85,71,34,11,7.16666666666667,1.5,6,8,7,4
2529,3.98333333333333,157,10,6,24,24,10,7,1.45,1.16666666666667,2,6,7,6
973,11.4666666666667,290,30,11,120,52,41,16,8.1,1.1,4,11,13,9
1800,8.76666666666667,436,28,23,19,19,15,10,1.9,1.11111111111111,2,23,5,5
4620,1.03333333333333,62,2,2,0,0,8,8,0.633333333333333,1.14285714285714,1,2,8,2
801,5.3,101,15,5,0,0,18,7,2.63333333333333,1,4,5,5,3
2401,30.3333333333333,768,69,24,120,69,30,11,24.1666666666667,1.1,5,24,6,12
2129,60.65,2556,33,19,433,190,39,19,55.6333333333333,1.33333333333333,4,19,4,5
2121,6.06666666666667,154,13,6,40,40,15,6,2.56666666666667,1.5,3,6,4,2
2452,110.416666666667,2372,34,8,1106,453,31,8,64.3833333333333,1.25,5,6,7,6
1017,26.9333333333333,1005,18,10,179,179,19,9,6.25,1.125,3,10,9,10
1206,1.41666666666667,85,4,4,18,18,4,4,0.5,1,1,4,4,4
281,7.65,274,5,3,152,152,9,5,3.4,1.25,2,3,4,2
472,17.3,503,14,7,56,56,12,6,9.46666666666667,1,3,2,3,7
2907,4.68333333333333,198,34,20,11,9,12,6,3.3,1,2,20,6,14
34,2.68333333333333,161,6,6,0,0,6,6,1.3,1.2,1,6,6,6
1194,2.66666666666667,85,10,5,0,0,16,9,0.9,1.4,2,5,7,5
1316,2.96666666666667,92,7,5,0,0,13,9,0.416666666666667,1.125,2,2,9,2
1858,29.0166666666667,478,42,11,170,88,44,9,12.3666666666667,1.33333333333333,8,8,9,8
2573,7.15,223,21,11,25,21,16,13,3.16666666666667,1.11111111111111,2,10,13,10
921,3.91666666666667,90,8,4,0,0,10,4,1.86666666666667,1,3,2,3,4
595,1.4,84,2,2,0,0,4,4,0.0333333333333333,1,1,2,4,2
787,6.93333333333333,291,20,11,37,37,13,5,5.6,1.5,3,11,5,6
2730,14.8,304,33,8,54,40,30,8,11.2,1.14285714285714,6,8,4,4
1056,6.53333333333333,139,19,7,9,9,13,4,1.43333333333333,1,4,5,3,5
99,22.9833333333333,330,40,11,93,37,39,8,12.9833333333333,1.5,8,11,6,3
2151,9.68333333333333,417,13,9,71,71,11,4,6.11666666666667,1.33333333333333,3,9,4,9
1496,1.53333333333333,92,3,3,0,0,4,4,1.35,1,1,3,4,3
2326,6.11666666666667,161,15,7,19,19,27,10,2.18333333333333,1.28571428571429,3,7,10,7
189,4.01666666666667,134,5,3,0,0,29,16,1.28333333333333,1.06666666666667,2,3,16,3
2263,4.18333333333333,105,13,6,23,23,16,7,1.86666666666667,1,3,6,4,2
2166,222.916666666667,7820,41,16,697,690,25,16,111.816666666667,1.25,3,13,16,13
2451,143.866666666667,4679,18,7,307,307,30,17,49.4,1.13333333333333,4,2,17,2
10,2.15,129,1,1,0,0,4,4,1.56666666666667,1,1,1,4,1
2261,1.33333333333333,80,2,2,0,0,6,6,0.683333333333333,1,1,2,6,2
2885,26.8666666666667,687,40,10,267,267,47,18,9.11666666666667,1.2,7,10,18,10
2935,1.03333333333333,62,6,6,0,0,4,4,0.216666666666667,1,1,6,4,6
1832,15.1833333333333,383,22,6,81,44,81,30,10.0166666666667,1.3,5,6,30,6
2219,1.3,78,4,4,0,0,5,5,0.533333333333333,1,1,4,5,4
2036,128.866666666667,5737,70,50,776,652,30,21,112.216666666667,1.11111111111111,3,50,3,8
2502,29.9833333333333,1134,55,38,77,42,22,19,30.5333333333333,1.2,2,38,3,17
2135,71.85,3403,55,44,253,166,25,13,71.8166666666667,1.08333333333333,3,44,6,2
2571,5.93333333333333,265,4,2,0,0,10,7,1.73333333333333,1,2,2,3,2
2978,6.86666666666667,412,22,22,16,16,15,15,9.03333333333333,1.16666666666667,1,22,15,22
2269,37.4666666666667,1579,56,29,327,299,37,22,31.0666666666667,1.23076923076923,3,20,22,20
2321,10.1333333333333,608,4,4,0,0,24,24,4.55,1.09090909090909,1,4,24,4
4626,7.03333333333333,340,12,8,58,58,14,8,2.95,1.33333333333333,2,8,6,4
1688,6.16666666666667,370,4,4,73,73,15,15,4.7,1.07692307692308,1,4,15,4
53,2.6,156,4,4,40,40,39,39,1.91666666666667,1.2,1,4,39,4
1400,4.06666666666667,244,10,10,21,21,12,12,4.41666666666667,1.11111111111111,1,10,12,10
1577,5.66666666666667,340,5,5,69,69,15,15,3.75,1.125,1,5,15,5
537,2.61666666666667,157,2,2,0,0,11,11,1.5,1.375,1,2,11,2
1487,9.61666666666667,577,8,8,123,123,23,23,6.93333333333333,1.27777777777778,1,8,23,8
1106,379.083333333333,14094,15,9,4241,2858,12,6,405.433333333333,1.25,2,9,6,6
1653,6.98333333333333,419,14,14,18,18,7,7,5.63333333333333,1.25,1,14,7,14
2097,11.8666666666667,418,29,13,23,23,37,22,12.05,1.22222222222222,3,11,22,11
1458,4.66666666666667,141,15,8,35,35,22,11,2.46666666666667,1.16666666666667,3,8,11,8
77,2.56666666666667,92,13,8,0,0,9,5,0.833333333333333,1,2,5,4,8
1479,2.68333333333333,161,4,4,16,16,17,17,0.483333333333333,1.21428571428571,1,4,17,4
1633,2.16666666666667,130,6,6,0,0,8,8,0.883333333333333,1,1,6,8,6
1040,29.4833333333333,1581,33,28,61,54,21,11,25.7833333333333,1.11111111111111,2,28,11,28
1534,6.55,393,5,5,142,142,10,10,3.23333333333333,1,1,5,10,5
1554,2.98333333333333,179,15,15,9,9,4,4,2.23333333333333,1.33333333333333,1,15,4,15
2443,4.5,106,11,5,0,0,28,10,2.36666666666667,1.125,3,3,9,5
1660,7,420,8,8,59,59,6,6,6.38333333333333,1,1,8,6,8
848,3.66666666666667,220,29,29,6,6,11,11,3.63333333333333,1.33333333333333,1,29,11,29
1551,2.55,153,5,5,34,34,4,4,1.15,1.33333333333333,1,5,4,5
1544,1.5,90,5,5,0,0,12,12,0.25,1.2,1,5,12,5
395,3.4,113,8,5,0,0,8,4,1.33333333333333,1,2,3,4,5
1463,9.38333333333333,563,16,16,467,467,24,24,1.88333333333333,1.2,1,16,24,16
1480,5.38333333333333,177,19,8,53,51,17,7,2.76666666666667,1.33333333333333,3,6,4,8
618,2.56666666666667,154,5,5,0,0,16,16,0.816666666666667,1.06666666666667,1,5,16,5
723,2.43333333333333,146,6,6,72,72,6,6,2.21666666666667,1.25,1,6,6,6
1332,19.6333333333333,1178,9,9,262,262,7,7,18.5333333333333,1.5,1,9,7,9
1605,11.0166666666667,502,83,73,31,26,41,21,13.85,1.2,2,73,20,10
1728,1.56666666666667,94,7,7,6,6,8,8,1.06666666666667,1.33333333333333,1,7,8,7
1394,1,60,6,6,0,0,9,9,0,1.28571428571429,1,6,9,6
1618,6.03333333333333,234,16,8,66,52,9,5,3.36666666666667,1,2,8,5,8
1625,11.75,705,11,11,63,63,43,43,7.63333333333333,1.27777777777778,1,11,43,11
799,342.066666666667,17850,78,62,66,66,26,18,27.2666666666667,1.15384615384615,2,62,8,16
1211,3.23333333333333,194,27,27,4,4,5,5,2.4,1,1,27,5,27
516,1.21666666666667,73,6,6,0,0,10,10,0.216666666666667,1.11111111111111,1,6,10,6
520,2.13333333333333,128,4,4,0,0,7,7,0.55,1,1,4,7,4
708,4.33333333333333,260,10,10,53,53,14,14,3.1,1.22222222222222,1,10,14,10
892,144.883333333333,8693,6,6,0,0,4,4,0,1,1,6,4,6
1122,13.8333333333333,719,10,6,0,0,8,4,2.96666666666667,1,2,6,4,6
1637,4.05,243,4,4,45,45,4,4,0.666666666666667,1,1,4,4,4
1629,3.05,183,14,14,6,6,8,8,1.15,1.14285714285714,1,14,8,14
1570,1.43333333333333,86,8,8,0,0,7,7,0,1,1,8,7,8
2779,5.36666666666667,322,20,20,0,0,12,12,1.45,1.09090909090909,1,20,12,20
1382,3.15,189,23,23,9,9,5,5,2.03333333333333,1,1,23,5,23
1673,27.0833333333333,920,48,21,41,27,32,15,6.36666666666667,1.16666666666667,3,19,7,21
1036,2.46666666666667,148,38,38,2,2,3,3,1.66666666666667,1,1,38,3,38
210,6.66666666666667,226,8,4,24,24,8,4,1.31666666666667,1,2,4,4,4
1638,1.81666666666667,109,7,7,0,0,6,6,0.4,1,1,7,6,7
2560,4.5,114,9,5,0,0,15,7,1.03333333333333,1.16666666666667,3,2,7,2
851,6.08333333333333,365,21,21,7,7,16,16,3.48333333333333,1.5,1,21,16,21
804,58.1666666666667,1570,69,53,57,48,42,25,21.0166666666667,1.5,3,53,10,9
4477,33.6833333333333,2021,11,11,23,23,4,4,2.96666666666667,1,1,11,4,11
474,1.25,75,2,2,0,0,5,5,1.15,1,1,2,5,2
1716,4.75,285,102,102,2,2,3,3,3.9,1.5,1,102,3,102
1919,376.766666666667,21911,72,61,490,402,19,13,23.95,1.2,2,61,13,61
265,4.95,156,21,19,4,4,20,13,1.36666666666667,1.18181818181818,2,19,7,2
406,3.6,216,10,10,0,0,8,8,0.666666666666667,1.14285714285714,1,10,8,10
1375,121.533333333333,3459,62,29,280,149,47,20,81.8833333333333,1.07142857142857,3,29,15,24
1793,2.48333333333333,83,8,4,17,17,10,6,2.48333333333333,1,2,4,6,4
1284,2.16666666666667,130,4,4,5,5,4,4,0.866666666666667,1.33333333333333,1,4,4,4
1357,9.61666666666667,577,10,10,0,0,6,6,0.583333333333333,1,1,10,6,10
1321,11.25,675,11,11,0,0,13,13,0.316666666666667,1.08333333333333,1,11,13,11
358,8.48333333333333,130,25,7,0,0,23,7,3.83333333333333,1.25,5,3,7,3
1808,12.6166666666667,231,30,8,2,2,47,15,3.41666666666667,1.16666666666667,5,7,11,4
996,12.2833333333333,662,18,12,0,0,10,5,3.25,1,2,12,5,6
2836,14.9,419,20,8,121,73,17,7,5.6,1.16666666666667,4,3,4,2
1961,16.7666666666667,665,18,6,42,32,36,15,4.66666666666667,1.2,4,6,15,6
562,88.8,4085,163,68,12,12,36,12,1.73333333333333,1.2,5,67,3,6
1035,2.23333333333333,134,23,23,5,5,4,4,1.26666666666667,1,1,23,4,23
1651,7.83333333333333,470,14,14,63,63,4,4,1.05,1,1,14,4,14
268,1,60,15,15,0,0,5,5,0.516666666666667,1.25,1,15,5,15
378,5.2,312,24,24,3,3,6,6,0.716666666666667,1,1,24,6,24
2442,33.5833333333333,530,52,22,22,16,50,9,3.38333333333333,1.2,9,2,6,2
2681,10.7666666666667,569,18,15,0,0,8,4,0.333333333333333,1,2,15,4,3
354,1.08333333333333,65,2,2,0,0,10,10,0.583333333333333,1.25,1,2,10,2
1007,2.8,92,6,4,0,0,13,8,1.7,1.33333333333333,2,4,8,4
2421,4.66666666666667,146,6,4,21,21,18,14,3.71666666666667,1.4,2,4,14,4
1303,8.11666666666667,316,23,20,60,53,6,3,1.65,1,2,20,3,20
1726,1.4,84,19,19,0,0,14,14,0,1.16666666666667,1,19,14,19
2360,9.61666666666667,259,26,10,39,24,28,8,4.43333333333333,1.16666666666667,4,10,6,2
2175,83.9833333333333,3625,90,58,206,126,37,23,124.633333333333,1.33333333333333,4,58,23,58
2362,5.88333333333333,191,7,5,0,0,14,7,2.08333333333333,1,2,2,7,5
2361,5.9,191,7,4,71,71,12,6,1.88333333333333,1,2,4,6,4
1330,1.65,99,7,7,0,0,8,8,0.316666666666667,1.14285714285714,1,7,8,7
1526,5.36666666666667,249,4,2,0,0,8,5,1.8,1,2,2,5,2
859,3.23333333333333,128,8,6,33,33,15,8,2.2,1.16666666666667,2,6,7,2
1519,4.25,255,35,35,1,1,6,6,0.233333333333333,1,1,35,6,35
290,4.28333333333333,173,7,5,0,0,16,12,2.3,1,2,5,4,2
1909,59.2833333333333,1906,136,62,69,34,41,14,64.5166666666667,1.33333333333333,4,59,14,59
1085,19.3166666666667,567,21,10,151,116,15,7,5.78333333333333,1.25,3,10,5,4
1345,5.9,218,11,9,0,0,10,5,0.733333333333333,1,2,9,5,2
182,24.2,690,32,9,224,169,20,4,18.0666666666667,1,5,9,4,4
1044,31.45,1887,69,69,27,27,7,7,30.7333333333333,1.16666666666667,1,69,7,69
1820,3.6,76,14,6,0,0,14,7,1.16666666666667,1.16666666666667,3,6,4,4
1096,1.46666666666667,88,3,3,24,24,3,3,0.766666666666667,1,1,3,3,3
2335,256.433333333333,3962,243,56,249,85,87,16,127.633333333333,1.14285714285714,8,55,10,20
2959,4.41666666666667,150,11,6,13,13,21,11,2.58333333333333,1.11111111111111,2,5,11,5
2063,3.18333333333333,130,6,3,59,59,13,10,1.61666666666667,1,2,3,10,3
2526,14.6166666666667,286,42,17,105,30,18,6,9.2,1.33333333333333,4,17,4,5
422,1366.51666666667,81535,66,58,1568,1535,18,13,547.333333333333,1,2,58,13,58
2354,24.5166666666667,1038,35,25,109,59,13,9,24.5333333333333,1.33333333333333,2,25,4,10
81,36.4333333333333,1337,50,31,191,111,42,23,30.9,1.22222222222222,3,31,8,11
2185,1.1,66,2,2,0,0,14,14,0.233333333333333,1,1,2,14,2
1054,53.85,1433,60,15,621,272,90,32,62.95,1.33333333333333,7,15,32,15
451,1,60,2,2,0,0,4,4,1,1,1,2,4,2
2479,1.15,69,2,2,0,0,5,5,1.15,1,1,2,5,2
2733,2.81666666666667,169,11,11,13,13,5,5,1.85,1.25,1,11,5,11
100,6.33333333333333,380,9,9,73,73,39,39,7.18333333333333,1.25806451612903,1,9,39,9
183,1.2,72,4,4,11,11,9,9,0.183333333333333,1.125,1,4,9,4
2300,1.65,99,6,6,0,0,10,10,1.4,1.25,1,6,10,6
2657,26.9166666666667,1526,78,69,29,23,9,6,25.0333333333333,1.33333333333333,2,69,6,69
1525,15.0333333333333,832,7,5,351,351,17,11,4.15,1.375,2,5,11,5
1575,20.7833333333333,369,40,17,17,17,20,5,11.0833333333333,1.33333333333333,6,17,5,17
1408,4.31666666666667,135,12,8,0,0,11,6,3.05,1,2,8,5,4
675,2.85,91,6,4,0,0,16,12,1.21666666666667,1,2,4,4,2
2349,3.2,98,12,7,0,0,12,8,0.15,1.14285714285714,2,5,8,5
2343,9.58333333333333,434,10,5,81,81,9,6,4.06666666666667,1.2,2,5,3,5
96,105.9,4903,36,27,405,213,8,4,105.983333333333,1,2,27,4,9
2763,1.11666666666667,67,2,2,0,0,3,3,0.1,1.5,1,2,3,2
1019,14.2,260,29,8,189,79,44,16,5.11666666666667,1.16666666666667,5,7,16,7
1588,5.01666666666667,210,9,5,31,18,8,5,3.21666666666667,1,2,4,5,4
674,1.4,84,3,3,0,0,6,6,1.35,1,1,3,6,3
1273,7.13333333333333,428,3,3,116,116,3,3,4.95,1,1,3,3,3
184,5.61666666666667,201,10,6,0,0,17,10,3.33333333333333,1,2,6,7,4
394,3.63333333333333,218,2,2,0,0,8,8,0.8,1.33333333333333,1,2,8,2
1945,3.78333333333333,131,10,7,0,0,11,6,1.65,1,2,3,6,3
798,11.4833333333333,545,12,6,102,102,23,20,8.73333333333333,1.33333333333333,2,6,20,6
1805,1.3,78,9,9,0,0,3,3,0,1,1,9,3,9
864,5.11666666666667,307,6,6,0,0,3,3,1.91666666666667,1.5,1,6,3,6
2516,1.81666666666667,109,7,7,0,0,4,4,0.383333333333333,1.33333333333333,1,7,4,7
2965,26.3833333333333,611,24,7,0,0,36,10,11.6666666666667,1.33333333333333,6,2,9,5
2351,5.46666666666667,178,10,4,0,0,10,4,2.38333333333333,1,3,4,3,3
2210,3.76666666666667,226,6,6,0,0,3,3,0.45,1,1,6,3,6
1083,1.65,99,2,2,0,0,3,3,1.16666666666667,1,1,2,3,2
2350,3.68333333333333,157,14,8,0,0,14,10,0.95,1.25,2,6,10,6
2736,10.1,303,9,4,97,97,22,8,7.01666666666667,1.16666666666667,3,4,7,2
575,1.95,117,7,7,48,48,5,5,1.95,1.25,1,7,5,7
1814,16.4333333333333,386,24,7,168,68,40,12,7.51666666666667,1.16666666666667,6,7,12,7
1128,5.98333333333333,203,12,6,62,37,6,3,2.08333333333333,1,2,6,3,6
757,2.03333333333333,122,2,2,0,0,5,5,0.833333333333333,1,1,2,5,2
665,1.63333333333333,98,3,3,0,0,4,4,0.416666666666667,1,1,3,4,3
871,19.2333333333333,406,33,10,66,22,27,13,7.75,1.33333333333333,5,9,4,3
695,3.53333333333333,107,6,3,0,0,10,7,1.18333333333333,1,2,3,7,3
443,9.13333333333333,367,15,11,61,40,6,3,5.23333333333333,1,2,4,3,4
98,32.15,1829,44,42,48,48,15,10,24.25,1.11111111111111,2,42,5,2
1484,2.85,171,3,3,89,89,12,12,0.566666666666667,1.09090909090909,1,3,12,3
1514,2.16666666666667,130,3,3,0,0,3,3,2.16666666666667,1,1,3,3,3
324,3.06666666666667,184,5,5,39,39,11,11,2.28333333333333,1.5,1,5,11,5
1898,3.41666666666667,205,4,4,72,72,4,4,2.43333333333333,1,1,4,4,4
766,4.28333333333333,145,16,9,0,0,8,5,0.7,1,2,9,5,9
726,8.58333333333333,346,7,4,0,0,37,20,2.2,1.0625,2,4,20,4
2245,6.7,316,14,10,17,17,18,14,6.78333333333333,1.16666666666667,2,10,14,10
1892,9.18333333333333,465,15,13,43,43,16,11,3.81666666666667,1,2,13,11,13
280,4.73333333333333,120,18,7,13,13,9,3,0.716666666666667,1,3,7,3,4
1560,1.33333333333333,80,4,4,0,0,10,10,0.35,1.11111111111111,1,4,10,4
172,4.41666666666667,159,14,10,6,6,29,18,4,1.21428571428571,2,10,18,10
2453,1.15,69,7,7,4,4,4,4,0.233333333333333,1.33333333333333,1,7,4,7
1770,146.333333333333,8446,57,46,193,193,32,15,108.983333333333,1.1,3,46,11,7
1483,5.26666666666667,316,5,5,5,5,9,9,1.88333333333333,1.125,1,5,9,5
484,1.48333333333333,89,4,4,0,0,4,4,0.316666666666667,1,1,4,4,4
2168,1.36666666666667,82,5,5,0,0,3,3,0.8,1.5,1,5,3,5
906,60.45,2643,22,10,533,322,24,9,45.6333333333333,1.125,4,10,9,10
448,2.68333333333333,161,2,2,0,0,3,3,1.36666666666667,1,1,2,3,2
1889,2.2,132,2,2,0,0,7,7,0.7,1,1,2,7,2
972,16.8333333333333,814,36,30,63,38,28,17,13.1666666666667,1.07142857142857,2,30,11,6
1920,2.36666666666667,142,3,3,0,0,7,7,0.533333333333333,1,1,3,7,3
2888,125.1,2752,80,26,789,321,61,22,127.366666666667,1.15789473684211,6,26,22,26
1398,22.3,1234,34,31,40,40,20,13,23.7166666666667,1.66666666666667,2,31,13,31
1107,1206.63333333333,72398,26,26,2951,2951,3,3,1206.63333333333,1,1,26,3,26
1488,2.21666666666667,73,9,6,0,0,10,6,0.316666666666667,1,2,3,4,6
1336,1.16666666666667,70,3,3,0,0,8,8,0,1,1,3,8,3
1358,7.73333333333333,464,5,5,310,310,11,11,7.73333333333333,1,1,5,11,5
5,31.05,1863,16,16,120,120,9,9,31.0666666666667,1,1,16,9,16
1027,4.3,182,16,8,94,85,10,5,3,1,2,8,5,8
697,1.38333333333333,83,3,3,0,0,4,4,1.16666666666667,1,1,3,4,3
1084,8.18333333333333,304,20,9,69,66,29,20,5.93333333333333,1.25,3,9,20,9
4842,7.45,447,37,37,29,29,6,6,3.48333333333333,1,1,37,6,37
696,137.6,3128,39,14,1217,367,46,15,104.833333333333,1.07142857142857,4,13,5,6
1831,8.1,289,16,6,55,55,42,23,7.91666666666667,1.14285714285714,3,4,23,4
494,9.11666666666667,290,14,8,34,34,26,15,6.66666666666667,1.375,2,6,11,8
754,10.9166666666667,416,9,6,75,75,20,10,8.3,1.25,2,6,10,6
130,21.2166666666667,1273,19,19,76,76,6,6,17.8166666666667,1,1,19,6,19
1252,3.38333333333333,119,8,5,0,0,10,6,0.783333333333333,1,2,3,4,5
620,2.48333333333333,81,6,4,0,0,13,9,1.58333333333333,1.125,2,4,9,4
1023,52.75,3165,57,57,57,57,6,6,3.71666666666667,1,1,57,6,57
360,21.3666666666667,364,55,17,215,134,70,16,13.4,1.33333333333333,7,6,16,6
2330,8.86666666666667,275,9,7,31,31,13,7,5.43333333333333,1.25,2,2,6,7
1852,4.41666666666667,265,4,4,34,34,9,9,1.71666666666667,1.125,1,4,9,4
1883,2.98333333333333,179,8,8,0,0,10,10,2.5,1,1,8,10,8
646,1.13333333333333,68,7,7,0,0,6,6,0.3,1,1,7,6,7
2646,57.7333333333333,2018,20,8,212,104,28,20,24.45,1.17647058823529,3,7,3,8
1801,3.23333333333333,119,13,9,13,13,15,9,1.51666666666667,1,2,9,6,4
2823,12.1666666666667,397,14,8,136,82,13,7,7.8,1,2,8,7,8
1411,6.21666666666667,250,14,7,149,147,15,7,4.11666666666667,1.4,3,5,7,5
2830,4.46666666666667,99,20,9,11,11,10,4,3.18333333333333,1.5,3,9,3,4
2381,1.13333333333333,68,3,3,0,0,3,3,0.45,1,1,3,3,3
181,1.66666666666667,100,5,5,7,7,6,6,0.383333333333333,1,1,5,6,5
2756,2.26666666666667,136,2,2,0,0,12,12,0,1,1,2,12,2
2342,15.1666666666667,575,24,12,85,56,13,6,11.9833333333333,1.5,3,12,4,4
402,5.18333333333333,151,16,9,88,88,22,9,3.2,1.25,3,9,8,4
1935,2.05,123,2,2,0,0,9,9,0.883333333333333,1.28571428571429,1,2,9,2
504,30.0333333333333,1065,24,10,247,140,25,10,24.4333333333333,1.33333333333333,3,10,10,10
2128,33.15,1553,26,15,265,165,18,15,31.2833333333333,1.25,2,15,3,11
2162,1.46666666666667,88,8,8,0,0,6,6,0.6,1,1,8,6,8
2898,4.11666666666667,180,10,6,0,0,8,4,1.61666666666667,1,2,6,4,6
2204,8.68333333333333,328,12,5,32,23,20,10,3.23333333333333,1.16666666666667,3,3,10,3
2536,3.2,192,5,5,88,88,8,8,2.8,1.2,1,5,8,5
2357,66.9,2099,104,52,0,0,6,3,0,1,2,52,3,52
1143,228.016666666667,5573,159,54,221,114,26,12,180.966666666667,1.2,3,54,12,54
1417,2,120,3,3,0,0,8,8,1.4,1.14285714285714,1,3,8,3
761,13.9833333333333,603,24,9,239,226,31,11,10,1.25,4,6,11,6
2007,1.15,69,3,3,0,0,15,15,1.15,1.07142857142857,1,3,15,3
648,2.2,70,6,4,0,0,10,6,1.11666666666667,1,2,2,6,2
1798,3.35,201,10,10,30,30,4,4,2.3,1,1,10,4,10
814,2.23333333333333,134,3,3,0,0,6,6,0.516666666666667,1,1,3,6,3
636,6.61666666666667,182,12,6,54,32,18,7,5.93333333333333,1,3,4,7,4
1991,124.65,4286,132,66,146,87,12,4,6.31666666666667,1,3,63,4,66
2176,12.1166666666667,727,8,8,42,42,9,9,7.43333333333333,1.25,1,8,9,8
142,1.25,75,3,3,0,0,14,14,0.25,1.07692307692308,1,3,14,3
551,8.26666666666667,496,21,21,21,21,4,4,7.33333333333333,1,1,21,4,21
1306,7.18333333333333,431,6,6,127,127,3,3,4.23333333333333,1,1,6,3,6
1352,15,515,29,8,85,66,38,14,8.68333333333333,1,5,8,6,3
2252,31.9333333333333,1054,41,23,201,77,24,11,23.1833333333333,1.25,4,23,3,8
1817,17.0666666666667,521,17,6,62,38,23,8,13.1833333333333,1.33333333333333,4,3,6,4
2967,1.21666666666667,73,3,3,0,0,5,5,0.45,1,1,3,5,3
481,1.75,105,11,11,11,11,3,3,1.15,1,1,11,3,11
2934,4.08333333333333,90,7,3,0,0,16,6,2.53333333333333,1.2,3,2,6,2
2810,1,60,4,4,0,0,3,3,0.15,1,1,4,3,4
1188,123.85,7431,151,151,49,49,7,7,123.033333333333,1.16666666666667,1,151,7,151
2517,8.03333333333333,345,13,7,17,17,6,3,2,1.5,2,6,3,7
2583,10.6666666666667,580,27,21,31,31,14,8,8.53333333333333,1,2,21,8,21
2674,1.1,66,6,6,0,0,4,4,0.483333333333333,1.33333333333333,1,6,4,6
185,1.85,111,5,5,0,0,4,4,0.75,1,1,5,4,5
1125,322.1,19326,153,153,129,129,20,20,317.866666666667,1.23076923076923,1,153,20,153
2629,1.2,72,8,8,0,0,6,6,0,1,1,8,6,8
1990,4.48333333333333,182,5,3,16,16,18,13,1.48333333333333,1.08333333333333,2,2,5,3
1087,3.26666666666667,196,6,6,40,40,3,3,3,1,1,6,3,6
2638,2.73333333333333,164,6,6,17,17,11,11,1.9,1.1,1,6,11,6
1001,13.9666666666667,838,5,5,48,48,8,8,4.33333333333333,1,1,5,8,5
2363,12.25,421,9,5,81,81,7,4,7.35,1,2,5,4,5
824,384.033333333333,23042,63,63,388,388,11,11,389.566666666667,1.28571428571429,1,63,11,63
2114,63.5,3712,32,27,100,68,12,8,5.96666666666667,1,2,27,8,27
2587,6.25,143,12,5,70,32,26,11,3.15,1.25,3,5,9,3
310,120.716666666667,7243,63,63,246,246,46,46,169.266666666667,1.12121212121212,1,63,46,63
2032,233.566666666667,6588,85,39,428,186,74,29,242.566666666667,1.29411764705882,3,39,22,30
2579,8.5,510,96,96,6,6,3,3,7.68333333333333,1,1,96,3,96
2825,25.3,1391,22,15,128,107,21,15,16.95,1.07142857142857,2,15,15,15
179,2.38333333333333,80,11,6,0,0,8,4,0.6,1.33333333333333,2,5,4,6
736,1.08333333333333,65,4,4,0,0,19,19,0.366666666666667,1,1,4,19,4
666,2.15,68,13,7,0,0,6,3,1.48333333333333,1.5,2,6,3,7
2181,29.3166666666667,1759,21,21,88,88,16,16,38.0666666666667,1.18181818181818,1,21,16,21
2696,36.3,2178,2,2,0,0,9,9,32.7166666666667,1.125,1,2,9,2
2803,1,60,2,2,0,0,3,3,0.833333333333333,1,1,2,3,2
1344,11.9666666666667,551,24,13,21,21,26,19,9.33333333333333,1.1875,2,11,19,11
1046,54.2333333333333,3254,68,68,52,52,12,12,56.5666666666667,1.14285714285714,1,68,12,68
2437,21.9666666666667,966,34,19,75,46,16,11,17.15,1.5,2,19,5,15
2622,48.7333333333333,1204,56,24,380,141,47,15,46.4166666666667,1.25,4,16,15,16
2253,15.2333333333333,844,18,15,75,75,12,6,13.3666666666667,1,2,15,6,15
2324,1.98333333333333,119,6,6,0,0,10,10,1.13333333333333,1.25,1,6,10,6
2101,32.65,993,25,14,184,105,10,5,30.9833333333333,1,2,11,5,11
2551,7.31666666666667,178,16,7,37,31,21,10,4.08333333333333,1,3,3,10,3
1276,7.96666666666667,241,13,5,0,0,23,15,2.51666666666667,1.07142857142857,3,5,3,3
2903,8.78333333333333,271,18,8,28,17,15,6,1.53333333333333,1.2,3,3,5,8
344,8.36666666666667,251,22,12,42,24,6,3,4.25,1,2,10,3,10
26,2.2,132,6,6,48,48,3,3,1.43333333333333,1,1,6,3,6
235,12.85,348,18,7,10,10,21,8,7.86666666666667,1.33333333333333,3,5,8,7
2408,159.883333333333,9137,64,56,282,190,18,14,168.766666666667,1.33333333333333,2,56,14,56
898,1.4,84,6,6,9,9,3,3,0.65,1,1,6,3,6
1687,1.31666666666667,79,2,2,0,0,8,8,0,1,1,2,8,2
2508,1.26666666666667,76,10,10,0,0,3,3,0.433333333333333,1,1,10,3,10
2096,1.03333333333333,62,5,5,0,0,3,3,0.233333333333333,1,1,5,3,5
1434,103.333333333333,4396,95,61,204,172,48,42,119.366666666667,1.33333333333333,2,34,42,34
1843,4,240,4,4,0,0,10,10,0.0333333333333333,1,1,4,10,4
887,4.45,267,15,15,24,24,3,3,3.81666666666667,1.5,1,15,3,15
1528,2.78333333333333,89,10,6,20,12,8,4,1.63333333333333,1,2,6,4,4
2927,10.4,624,9,9,0,0,3,3,1.05,1,1,9,3,9
4543,12.3166666666667,382,44,22,36,19,18,9,7.46666666666667,1,2,22,9,22
4683,3.83333333333333,230,9,9,2,2,13,13,0.3,1.09090909090909,1,9,13,9
2244,2.81666666666667,169,5,5,0,0,17,17,1.91666666666667,1,1,5,17,5
2353,7.71666666666667,251,25,13,13,13,9,6,1.76666666666667,1.2,2,12,3,13
339,3.23333333333333,194,3,3,2,2,4,4,0.283333333333333,1,1,3,4,3
2239,1.48333333333333,89,4,4,0,0,4,4,0.05,1,1,4,4,4
1043,5.31666666666667,240,11,6,33,33,6,3,2.08333333333333,1,2,5,3,5
1694,25.65,1539,17,17,75,75,7,7,9.46666666666667,1,1,17,7,17
1355,68.9333333333333,3027,36,24,223,182,14,9,61.3166666666667,1.125,2,24,9,24
2310,2.8,96,11,6,0,0,23,13,0.966666666666667,1.11111111111111,2,6,13,6
467,22.9333333333333,776,19,11,368,208,16,8,21.3333333333333,1,2,8,8,11
4781,14.8833333333333,656,16,14,0,0,24,15,2.28333333333333,1.07142857142857,2,14,9,2
332,1.83333333333333,110,2,2,0,0,4,4,0,1,1,2,4,2
1072,15.5666666666667,551,31,26,23,23,22,14,4.53333333333333,1.14285714285714,2,26,14,26
2161,298.05,11105,26,18,2373,1854,18,7,209.5,1.2,3,18,6,6
1693,10.8833333333333,653,21,21,23,23,4,4,2.26666666666667,1,1,21,4,21
32,2.68333333333333,161,3,3,38,38,8,8,1.73333333333333,1.14285714285714,1,3,8,3
925,5.46666666666667,211,6,3,2,2,26,14,0.95,1.16666666666667,2,3,12,3
2155,5.05,131,11,5,0,0,16,6,3.03333333333333,1,3,5,6,5
1390,2.78333333333333,167,4,4,0,0,9,9,0.05,1.125,1,4,9,4
2468,1.56666666666667,94,2,2,0,0,7,7,0,1,1,2,7,2
1009,3.16666666666667,108,6,4,8,8,12,9,1.35,1,2,2,9,2
31,4.25,132,14,9,9,9,8,5,1.55,1,2,5,3,9
730,3.5,106,8,5,0,0,26,14,1.73333333333333,1,2,3,14,3
1890,4.55,273,7,7,46,46,5,5,4.08333333333333,1,1,7,5,7
1545,1,60,6,6,0,0,5,5,0.55,1,1,6,5,6
109,9.75,585,7,7,6,6,3,3,1.33333333333333,1.5,1,7,3,7
1872,1.7,102,6,6,0,0,4,4,1.25,1,1,6,4,6
2071,4.7,282,8,8,58,58,10,10,3.53333333333333,1.14285714285714,1,8,10,8
2558,6.01666666666667,361,19,19,16,16,14,14,5.48333333333333,1,1,19,14,19
2936,4.43333333333333,136,13,10,34,34,14,7,2.98333333333333,1,2,10,7,3
1053,1.5,90,2,2,0,0,5,5,1.05,1,1,2,5,2
869,2.98333333333333,179,5,5,0,0,10,10,1.9,1,1,5,10,5
4383,1.53333333333333,92,4,4,16,16,9,9,0.883333333333333,1,1,4,9,4
1921,2.61666666666667,157,4,4,15,15,5,5,1.95,1.25,1,4,5,4
2213,1.66666666666667,100,4,4,0,0,4,4,1.66666666666667,1,1,4,4,4
2280,1.21666666666667,73,5,5,0,0,7,7,0.366666666666667,1,1,5,7,5
1168,3.11666666666667,187,4,4,64,64,8,8,2.28333333333333,1,1,4,8,4
3701,47.5666666666667,2854,14,14,214,214,13,13,45.7833333333333,1.2,1,14,13,14
2919,16.1,739,19,17,50,50,11,6,15.0833333333333,1,2,17,5,2
685,1.56666666666667,94,3,3,0,0,7,7,1,1.16666666666667,1,3,7,3
2524,3.95,120,11,7,52,29,6,3,2.76666666666667,1,2,7,3,7
786,4.56666666666667,110,11,4,0,0,13,6,1.16666666666667,1,3,4,6,4
2563,2.16666666666667,130,2,2,0,0,4,4,1.33333333333333,1,1,2,4,2
137,4.28333333333333,162,17,9,22,19,16,9,3.2,1.28571428571429,2,8,9,8
2140,5.41666666666667,325,3,3,113,113,3,3,2.95,1,1,3,3,3
1927,1.33333333333333,80,3,3,0,0,3,3,0.05,1,1,3,3,3
94,15.2833333333333,917,11,11,86,86,14,14,12.2333333333333,1.18181818181818,1,11,14,11
2505,1.58333333333333,95,3,3,0,0,3,3,1.23333333333333,1,1,3,3,3
330,2.35,141,4,4,0,0,3,3,0.516666666666667,1,1,4,3,4
1498,4.93333333333333,142,9,4,0,0,13,5,2.03333333333333,1.33333333333333,3,4,5,4
2392,1.1,66,5,5,0,0,5,5,0,1,1,5,5,5
348,1.01666666666667,61,2,2,0,0,3,3,0.85,1,1,2,3,2
2167,209.3,8648,30,17,579,481,29,15,15.8333333333333,1.16666666666667,2,17,14,13
1959,1.9,114,4,4,0,0,5,5,0.116666666666667,1,1,4,5,4
2497,3.61666666666667,217,2,2,0,0,5,5,0.783333333333333,1,1,2,5,2
812,2.53333333333333,82,7,5,0,0,8,4,0.633333333333333,1,2,5,4,2
2530,7.05,199,7,3,0,0,17,8,2.1,1.14285714285714,3,2,4,3
491,101.916666666667,3074,104,53,0,0,11,6,1.51666666666667,1.2,2,51,6,51
1679,4.08333333333333,131,10,5,31,31,9,6,2.46666666666667,1,2,5,6,5
783,3.81666666666667,229,7,7,0,0,10,10,1.3,1,1,7,10,7
1790,3.65,120,6,3,0,0,6,3,2.28333333333333,1,2,3,3,3
61,1.1,66,9,9,6,6,10,10,0.35,1,1,9,10,9
1908,3.1,186,3,3,38,38,5,5,0.766666666666667,1,1,3,5,3
2933,5.23333333333333,314,6,6,0,0,11,11,1.1,1.5,1,6,11,6
1209,5.73333333333333,173,6,4,0,0,12,9,2.96666666666667,1,2,4,3,2
2632,19.4833333333333,1055,43,41,24,24,9,6,14,1.2,2,41,3,2
1789,3.45,119,11,8,0,0,15,8,1.15,1.16666666666667,2,3,8,3
153,2.31666666666667,139,2,2,0,0,5,5,0.3,1,1,2,5,2
727,1.9,114,5,5,0,0,3,3,0.95,1,1,5,3,5
2094,10.4166666666667,501,8,5,433,423,14,11,4.95,1.33333333333333,2,3,11,3
3279,2.46666666666667,148,2,2,0,0,14,14,0.35,1.07692307692308,1,2,14,2
655,2.61666666666667,157,5,5,42,42,4,4,1.88333333333333,1,1,5,4,5
852,2.38333333333333,77,6,3,0,0,7,4,1.5,1,2,3,4,3
911,1.33333333333333,80,4,4,0,0,5,5,0.466666666666667,1,1,4,5,4
2841,1.18333333333333,71,2,2,0,0,3,3,0.633333333333333,1,1,2,3,2
755,2.85,96,5,3,0,0,12,8,2.23333333333333,1,2,2,8,2
1308,48.4,2359,42,35,182,115,62,50,36.8,1.16279069767442,2,35,50,35
25,3.26666666666667,127,7,5,17,17,12,8,1.7,1.33333333333333,2,5,8,5
1387,12.7833333333333,767,17,17,43,43,7,7,17.2833333333333,1.4,1,17,7,17
2472,2.86666666666667,172,2,2,0,0,19,19,1.4,1.26666666666667,1,2,19,2
361,5.76666666666667,346,5,5,135,135,9,9,6.33333333333333,1.125,1,5,9,5
2900,28.7,1722,2,2,0,0,4,4,26.3,1,1,2,4,2
2379,17.75,1065,16,16,89,89,9,9,18.2,1.4,1,16,9,16
677,5.26666666666667,168,9,6,2,2,15,11,2.43333333333333,1.22222222222222,2,3,4,6
607,5.06666666666667,207,12,6,53,27,6,3,2.58333333333333,1,2,6,3,6
2715,3.63333333333333,218,9,9,34,34,6,6,2.3,1.33333333333333,1,9,6,9
803,24.3333333333333,1460,14,14,212,212,22,22,25.3,1.13333333333333,1,14,22,14
1481,5.73333333333333,123,10,4,22,22,13,5,4.1,1.33333333333333,3,3,5,3
1274,5.7,342,3,3,0,0,17,17,1.75,1.13333333333333,1,3,17,3
1811,2.11666666666667,127,4,4,0,0,3,3,1.78333333333333,1.5,1,4,3,4
2225,1.38333333333333,83,3,3,0,0,4,4,0,1.33333333333333,1,3,4,3
598,5.45,327,8,8,0,0,9,9,0.0666666666666667,1,1,8,9,8
2279,4.85,291,6,6,228,228,9,9,0.6,1,1,6,9,6
432,3.31666666666667,199,3,3,0,0,15,15,2.75,1.15384615384615,1,3,15,3
226,1.65,99,4,4,29,29,5,5,1.48333333333333,1.25,1,4,5,4
212,4.36666666666667,262,7,7,0,0,3,3,0.9,1,1,7,3,7
1260,5.03333333333333,302,3,3,114,114,4,4,5,1.33333333333333,1,3,4,3
2299,5.58333333333333,335,5,5,28,28,6,6,1.66666666666667,1,1,5,6,5
868,10.45,482,11,6,80,68,17,10,3.5,1.125,2,5,7,6
2932,2.15,129,2,2,0,0,3,3,0.733333333333333,1,1,2,3,2
2565,1.3,78,2,2,0,0,3,3,0.233333333333333,1,1,2,3,2
282,2.85,171,8,8,0,0,6,6,2.9,1.25,1,8,6,8
1967,2.96666666666667,178,3,3,0,0,12,12,1.01666666666667,1.09090909090909,1,3,12,3
499,7.75,176,11,6,19,19,17,6,2.9,1,3,3,6,3
1512,2.66666666666667,160,3,3,55,55,3,3,2.33333333333333,1,1,3,3,3
2620,4.85,291,4,4,0,0,3,3,3.01666666666667,1,1,4,3,4
1885,2381.31666666667,142879,23,23,11482,11482,23,23,2680.36666666667,1.28571428571429,1,23,23,23
1954,1.36666666666667,82,2,2,0,0,7,7,0.283333333333333,1,1,2,7,2
806,20.3,1218,2,2,0,0,23,23,10.7666666666667,1.15,1,2,23,2
1028,61.85,3625,23,21,195,195,23,20,58.0833333333333,1.125,2,21,20,21
2211,8.56666666666667,514,17,17,41,41,17,17,7,1.22222222222222,1,17,17,17
1282,2.23333333333333,134,4,4,13,13,3,3,2.06666666666667,1,1,4,3,4
606,2.53333333333333,152,8,8,8,8,15,15,1,1.07692307692308,1,8,15,8
2937,1.05,63,2,2,0,0,4,4,0.1,1.33333333333333,1,2,4,2
1681,4.45,267,5,5,0,0,7,7,1.11666666666667,1.16666666666667,1,5,7,5
1493,1.8,108,2,2,0,0,5,5,1,1,1,2,5,2
2367,1.4,84,3,3,0,0,8,8,0.183333333333333,1.14285714285714,1,3,8,3
1663,11.9,714,3,3,279,279,11,11,10.5,1,1,3,11,3
1809,3.2,119,8,4,29,29,10,6,1.65,1.2,2,4,4,4
679,2.91666666666667,175,2,2,0,0,8,8,0.666666666666667,1.33333333333333,1,2,8,2
2916,1.78333333333333,107,5,5,0,0,4,4,1.26666666666667,1,1,5,4,5
1151,1.01666666666667,61,2,2,0,0,11,11,0.15,1.1,1,2,11,2
4851,3.61666666666667,217,2,2,0,0,10,10,2.1,1,1,2,10,2
678,1.25,75,2,2,0,0,5,5,0.133333333333333,1,1,2,5,2
2786,1.61666666666667,97,5,5,0,0,7,7,0.916666666666667,1.16666666666667,1,5,7,5
33,4.55,273,5,5,174,174,8,8,4.33333333333333,1.2,1,5,8,5
2154,1.16666666666667,70,3,3,0,0,4,4,0.7,1,1,3,4,3
288,1.3,78,8,8,3,3,3,3,0.633333333333333,1,1,8,3,8
624,5.7,342,9,9,63,63,9,9,6.16666666666667,1.14285714285714,1,9,9,9
225,24.8333333333333,1490,6,6,417,417,17,17,20.5333333333333,1.27272727272727,1,6,17,6
2867,12.2666666666667,736,23,23,0,0,8,8,0.816666666666667,1,1,23,8,23
2285,22.65,1359,24,24,56,56,7,7,18.9833333333333,1,1,24,7,24
2624,3.81666666666667,229,5,5,44,44,13,13,3.28333333333333,1.08333333333333,1,5,13,5
2785,8.88333333333333,533,8,8,106,106,8,8,7.13333333333333,1.33333333333333,1,8,8,8
716,2.96666666666667,178,3,3,0,0,8,8,0.366666666666667,1,1,3,8,3
1619,3.51666666666667,211,9,9,8,8,5,5,0.716666666666667,1,1,9,5,9
1245,29.8833333333333,1793,21,21,88,88,9,9,23.4,1.33333333333333,1,21,9,21
73,7.95,477,7,7,43,43,10,10,2.41666666666667,1.28571428571429,1,7,10,7
1334,6.83333333333333,410,5,5,130,130,3,3,3.33333333333333,1,1,5,3,5
2553,200.183333333333,12011,62,62,16,16,5,5,0.883333333333333,1,1,62,5,62
430,1.53333333333333,92,9,9,0,0,7,7,0,1,1,9,7,9
2218,1.01666666666667,61,5,5,0,0,3,3,0.866666666666667,1,1,5,3,5
2242,1.23333333333333,74,2,2,0,0,4,4,0.8,1,1,2,4,2
2233,1.55,93,4,4,10,10,7,7,0.8,1,1,4,7,4
